,Date,Instrument,Symbol,Expiry_Date,Open_Price,High_Price,Low_Price,Close_Price,Daily_Settlement_Price,Open_Interest,No_of_Contracts,Turnover
0,2019-12-30,FUTENR,BRCRUDEM,30-12-2019,4879.0,4890.0,4879.0,4880.0,4874.0,47,14,0.07
1,2019-12-27,FUTENR,BRCRUDEM,30-12-2019,4856.0,4862.0,4842.0,4842.0,4856.0,53,22,0.11
2,2019-12-26,FUTENR,BRCRUDEM,30-12-2019,4801.0,4802.0,4801.0,4801.0,4719.0,50,7,0.03
3,2019-12-24,FUTENR,BRCRUDEM,30-12-2019,4732.0,4750.0,4732.0,4750.0,4721.0,49,9,0.04
4,2019-12-23,FUTENR,BRCRUDEM,30-12-2019,4687.0,4700.0,4686.0,4700.0,4718.0,52,11,0.05
5,2019-12-18,FUTENR,BRCRUDEM,30-12-2019,4672.0,4690.0,4659.0,4665.0,4694.0,53,217,1.01
6,2019-12-17,FUTENR,BRCRUDEM,30-12-2019,4632.0,4702.0,4625.0,4684.0,4668.0,35,553,2.57
7,2019-12-16,FUTENR,BRCRUDEM,30-12-2019,4597.0,4665.0,4596.0,4665.0,4665.0,41,398,1.84
8,2019-12-13,FUTENR,BRCRUDEM,30-12-2019,4567.0,4616.0,4558.0,4605.0,4618.0,38,363,1.67
9,2019-12-12,FUTENR,BRCRUDEM,30-12-2019,4527.0,4580.0,4515.0,4548.0,4566.0,33,340,1.54
10,2019-12-11,FUTENR,BRCRUDEM,30-12-2019,4530.0,4550.0,4521.0,4533.0,4554.0,27,251,1.14
11,2019-12-10,FUTENR,BRCRUDEM,30-12-2019,4549.0,4566.0,4530.0,4566.0,4564.0,24,250,1.14
12,2019-12-09,FUTENR,BRCRUDEM,30-12-2019,4563.0,4582.0,4520.0,4567.0,4559.0,19,341,1.55
13,2019-12-06,FUTENR,BRCRUDEM,30-12-2019,4500.0,4604.0,4486.0,4565.0,4541.0,20,355,1.61
14,2019-12-05,FUTENR,BRCRUDEM,30-12-2019,4503.0,4545.0,4492.0,4538.0,4561.0,5,272,1.23
15,2019-12-04,FUTENR,BRCRUDEM,30-12-2019,4398.0,4522.0,4395.0,4518.0,4474.0,7,272,1.21
16,2019-12-03,FUTENR,BRCRUDEM,30-12-2019,4375.0,4394.0,4331.0,4360.0,4382.0,9,286,1.25
17,2019-12-02,FUTENR,BRCRUDEM,30-12-2019,4399.0,4452.0,4367.0,4392.0,4469.0,5,252,1.12
18,2019-11-29,FUTENR,BRCRUDEM,29-11-2019,4485.0,4526.0,4485.0,4526.0,4475.0,97,9,0.04
19,2019-11-29,FUTENR,BRCRUDEM,30-12-2019,4529.0,4537.0,4383.0,4383.0,4571.0,14,168,0.76
20,2019-11-28,FUTENR,BRCRUDEM,29-11-2019,4564.0,4580.0,4532.0,4536.0,4557.0,100,376,1.71
21,2019-11-27,FUTENR,BRCRUDEM,29-11-2019,4583.0,4610.0,4538.0,4538.0,4602.0,114,352,1.62
22,2019-11-26,FUTENR,BRCRUDEM,29-11-2019,4566.0,4590.0,4543.0,4543.0,4574.0,114,397,1.81
23,2019-11-25,FUTENR,BRCRUDEM,29-11-2019,4562.0,4580.0,4524.0,4538.0,4548.0,106,422,1.92
24,2019-11-22,FUTENR,BRCRUDEM,29-11-2019,4569.0,4611.0,4528.0,4528.0,4606.0,98,420,1.93
25,2019-11-21,FUTENR,BRCRUDEM,29-11-2019,4477.0,4566.0,4457.0,4564.0,4485.0,101,518,2.33
26,2019-11-20,FUTENR,BRCRUDEM,29-11-2019,4378.0,4490.0,4341.0,4486.0,4390.0,109,548,2.41
27,2019-11-19,FUTENR,BRCRUDEM,29-11-2019,4475.0,4499.0,4380.0,4380.0,4380.0,111,575,2.56
28,2019-11-18,FUTENR,BRCRUDEM,29-11-2019,4530.0,4550.0,4468.0,4468.0,4548.0,112,487,2.2
29,2019-11-15,FUTENR,BRCRUDEM,29-11-2019,4492.0,4540.0,4430.0,4540.0,4459.0,138,322,1.44
30,2019-11-14,FUTENR,BRCRUDEM,29-11-2019,4516.0,4542.0,4489.0,4489.0,4558.0,137,442,2.0
31,2019-11-13,FUTENR,BRCRUDEM,29-11-2019,4436.0,4516.0,4420.0,4514.0,4403.0,119,575,2.56
32,2019-11-12,FUTENR,BRCRUDEM,29-11-2019,4482.0,4505.0,4471.0,4483.0,4487.0,38,34,0.15
33,2019-11-11,FUTENR,BRCRUDEM,29-11-2019,4434.0,4482.0,4405.0,4458.0,4434.0,48,564,2.5
34,2019-11-08,FUTENR,BRCRUDEM,29-11-2019,4431.0,4442.0,4348.0,4400.0,4392.0,41,642,2.82
35,2019-11-07,FUTENR,BRCRUDEM,29-11-2019,4384.0,4455.0,4380.0,4443.0,4457.0,39,546,2.42
36,2019-11-06,FUTENR,BRCRUDEM,29-11-2019,4425.0,4460.0,4418.0,4418.0,4466.0,27,465,2.06
37,2019-11-05,FUTENR,BRCRUDEM,29-11-2019,4401.0,4464.0,4385.0,4458.0,4462.0,58,509,2.25
38,2019-11-04,FUTENR,BRCRUDEM,29-11-2019,4339.0,4438.0,4333.0,4435.0,4440.0,27,549,2.41
39,2019-11-01,FUTENR,BRCRUDEM,29-11-2019,4239.0,4294.0,4142.0,4275.0,4272.0,12,344,1.46
40,2019-10-31,FUTENR,BRCRUDEM,31-10-2019,4300.0,4318.0,4248.0,4283.0,4261.0,54,65,0.28
41,2019-10-31,FUTENR,BRCRUDEM,29-11-2019,4284.0,4306.0,4222.0,4226.0,4305.0,13,547,2.33
42,2019-10-30,FUTENR,BRCRUDEM,31-10-2019,4349.0,4390.0,4298.0,4298.0,4378.0,80,689,3.01
43,2019-10-29,FUTENR,BRCRUDEM,31-10-2019,4332.0,4380.0,4298.0,4380.0,4315.0,87,382,1.65
44,2019-10-28,FUTENR,BRCRUDEM,31-10-2019,4352.0,4352.0,4352.0,4352.0,4394.0,88,4,0.02
45,2019-10-25,FUTENR,BRCRUDEM,31-10-2019,4351.0,4374.0,4338.0,4374.0,4379.0,88,286,1.25
46,2019-10-24,FUTENR,BRCRUDEM,31-10-2019,4297.0,4367.0,4297.0,4348.0,4339.0,93,441,1.91
47,2019-10-23,FUTENR,BRCRUDEM,31-10-2019,4213.0,4292.0,4170.0,4292.0,4209.0,53,564,2.37
48,2019-10-22,FUTENR,BRCRUDEM,31-10-2019,4176.0,4264.0,4161.0,4208.0,4208.0,48,583,2.45
49,2019-10-21,FUTENR,BRCRUDEM,31-10-2019,4153.0,4154.0,4153.0,4154.0,4197.0,58,10,0.04
50,2019-10-18,FUTENR,BRCRUDEM,31-10-2019,4240.0,4284.0,4202.0,4204.0,4287.0,58,473,2.02
51,2019-10-17,FUTENR,BRCRUDEM,31-10-2019,4215.0,4231.0,4185.0,4221.0,4231.0,57,577,2.43
52,2019-10-16,FUTENR,BRCRUDEM,31-10-2019,4222.0,4263.0,4179.0,4248.0,4204.0,47,587,2.47
53,2019-10-15,FUTENR,BRCRUDEM,31-10-2019,4196.0,4255.0,4158.0,4246.0,4190.0,47,643,2.71
54,2019-10-14,FUTENR,BRCRUDEM,31-10-2019,4270.0,4270.0,4179.0,4202.0,4233.0,19,605,2.55
55,2019-10-11,FUTENR,BRCRUDEM,31-10-2019,4220.0,4310.0,4220.0,4275.0,4273.0,17,502,2.14
56,2019-10-10,FUTENR,BRCRUDEM,31-10-2019,4145.0,4204.0,4120.0,4175.0,4152.0,28,491,2.04
57,2019-10-09,FUTENR,BRCRUDEM,31-10-2019,4141.0,4222.0,4135.0,4216.0,4196.0,24,263,1.1
58,2019-10-08,FUTENR,BRCRUDEM,31-10-2019,4117.0,4152.0,4105.0,4150.0,4136.0,24,44,0.18
59,2019-10-07,FUTENR,BRCRUDEM,31-10-2019,4146.0,4227.0,4146.0,4189.0,4192.0,24,262,1.1
60,2019-10-04,FUTENR,BRCRUDEM,31-10-2019,4118.0,4188.0,4110.0,4145.0,4148.0,33,337,1.4
61,2019-10-03,FUTENR,BRCRUDEM,31-10-2019,4131.0,4133.0,4022.0,4095.0,4113.0,34,441,1.81
62,2019-10-01,FUTENR,BRCRUDEM,31-10-2019,4240.0,4298.0,4186.0,4186.0,4277.0,30,359,1.53
63,2019-09-30,FUTENR,BRCRUDEM,30-09-2019,4314.0,4328.0,4290.0,4290.0,4293.0,110,63,0.27
64,2019-09-30,FUTENR,BRCRUDEM,31-10-2019,4318.0,4330.0,4275.0,4286.0,4337.0,14,103,0.44
65,2019-09-27,FUTENR,BRCRUDEM,30-09-2019,4408.0,4430.0,4277.0,4385.0,4416.0,113,676,2.95
66,2019-09-26,FUTENR,BRCRUDEM,30-09-2019,4423.0,4448.0,4370.0,4385.0,4439.0,95,465,2.05
67,2019-09-25,FUTENR,BRCRUDEM,30-09-2019,4451.0,4451.0,4360.0,4382.0,4419.0,95,583,2.57
68,2019-09-24,FUTENR,BRCRUDEM,30-09-2019,4561.0,4562.0,4500.0,4517.0,4548.0,94,544,2.47
69,2019-09-23,FUTENR,BRCRUDEM,30-09-2019,4612.0,4619.0,4508.0,4561.0,4603.0,95,139,0.64
70,2019-09-20,FUTENR,BRCRUDEM,30-09-2019,4604.0,4638.0,4586.0,4612.0,4617.0,96,408,1.88
71,2019-09-19,FUTENR,BRCRUDEM,30-09-2019,4540.0,4670.0,4527.0,4602.0,4602.0,96,402,1.85
72,2019-09-18,FUTENR,BRCRUDEM,30-09-2019,4631.0,4633.0,4520.0,4520.0,4896.0,93,285,1.3
73,2019-09-17,FUTENR,BRCRUDEM,30-09-2019,4905.0,4952.0,4613.0,4677.0,4926.0,107,425,2.06
74,2019-09-16,FUTENR,BRCRUDEM,30-09-2019,4736.0,4880.0,4634.0,4875.0,4757.0,55,517,2.47
75,2019-09-13,FUTENR,BRCRUDEM,30-09-2019,4277.0,4323.0,4255.0,4280.0,4293.0,180,385,1.65
76,2019-09-12,FUTENR,BRCRUDEM,30-09-2019,4373.0,4384.0,4208.0,4267.0,4337.0,180,517,2.22
77,2019-09-11,FUTENR,BRCRUDEM,30-09-2019,4516.0,4530.0,4360.0,4361.0,4361.0,203,322,1.45
78,2019-09-10,FUTENR,BRCRUDEM,30-09-2019,4550.0,4553.0,4525.0,4525.0,4529.0,208,3,0.01
79,2019-09-09,FUTENR,BRCRUDEM,30-09-2019,4464.0,4506.0,4422.0,4500.0,4458.0,208,434,1.93
80,2019-09-06,FUTENR,BRCRUDEM,30-09-2019,4383.0,4384.0,4272.0,4380.0,4355.0,207,710,3.08
81,2019-09-05,FUTENR,BRCRUDEM,30-09-2019,4369.0,4472.0,4346.0,4472.0,4411.0,244,429,1.88
82,2019-09-04,FUTENR,BRCRUDEM,30-09-2019,4240.0,4379.0,4213.0,4379.0,4254.0,240,707,3.02
83,2019-09-03,FUTENR,BRCRUDEM,30-09-2019,4264.0,4268.0,4164.0,4200.0,4210.0,231,203,0.85
84,2019-09-02,FUTENR,BRCRUDEM,30-09-2019,4283.0,4284.0,4253.0,4253.0,4256.0,231,32,0.14
85,2019-08-30,FUTENR,BRCRUDEM,30-08-2019,4336.0,4350.0,4226.0,4268.0,4333.0,119,399,1.72
86,2019-08-30,FUTENR,BRCRUDEM,30-09-2019,4347.0,4353.0,4267.0,4267.0,4393.0,201,30,0.13
87,2019-08-29,FUTENR,BRCRUDEM,30-08-2019,4321.0,4339.0,4303.0,4337.0,4355.0,164,474,2.05
88,2019-08-29,FUTENR,BRCRUDEM,30-09-2019,4334.0,4352.0,4328.0,4352.0,4377.0,205,64,0.28
89,2019-08-28,FUTENR,BRCRUDEM,30-08-2019,4280.0,4366.0,4276.0,4321.0,4319.0,171,454,1.96
90,2019-08-28,FUTENR,BRCRUDEM,30-09-2019,4302.0,4337.0,4302.0,4337.0,4340.0,154,4,0.02
91,2019-08-27,FUTENR,BRCRUDEM,30-08-2019,4235.0,4248.0,4198.0,4248.0,4248.0,171,384,1.62
92,2019-08-26,FUTENR,BRCRUDEM,30-08-2019,4230.0,4324.0,4220.0,4220.0,4220.0,179,491,2.1
93,2019-08-26,FUTENR,BRCRUDEM,30-09-2019,4258.0,4268.0,4258.0,4267.0,4287.0,150,4,0.02
94,2019-08-23,FUTENR,BRCRUDEM,30-08-2019,4317.0,4320.0,4191.0,4220.0,4297.0,177,380,1.62
95,2019-08-23,FUTENR,BRCRUDEM,30-09-2019,4317.0,4318.0,4317.0,4318.0,4319.0,150,3,0.01
96,2019-08-22,FUTENR,BRCRUDEM,30-08-2019,4314.0,4369.0,4300.0,4305.0,4358.0,147,385,1.67
97,2019-08-21,FUTENR,BRCRUDEM,30-08-2019,4321.0,4380.0,4305.0,4312.0,4368.0,151,559,2.43
98,2019-08-21,FUTENR,BRCRUDEM,30-09-2019,4324.0,4324.0,4324.0,4324.0,4389.0,151,1,0.0
99,2019-08-20,FUTENR,BRCRUDEM,30-08-2019,4285.0,4320.0,4230.0,4280.0,4289.0,167,794,3.39
100,2019-08-20,FUTENR,BRCRUDEM,30-09-2019,4291.0,4296.0,4245.0,4282.0,4311.0,150,182,0.78
101,2019-08-19,FUTENR,BRCRUDEM,30-08-2019,4215.0,4255.0,4205.0,4240.0,4226.0,167,481,2.03
102,2019-08-16,FUTENR,BRCRUDEM,30-08-2019,4202.0,4232.0,4155.0,4155.0,4225.0,165,496,2.08
103,2019-08-14,FUTENR,BRCRUDEM,30-08-2019,4306.0,4341.0,4226.0,4230.0,4255.0,142,401,1.72
104,2019-08-13,FUTENR,BRCRUDEM,30-08-2019,4160.0,4308.0,4146.0,4302.0,4179.0,160,650,2.71
105,2019-08-12,FUTENR,BRCRUDEM,30-08-2019,4157.0,4190.0,4154.0,4183.0,4117.0,131,69,0.29
106,2019-08-09,FUTENR,BRCRUDEM,30-08-2019,4051.0,4178.0,4047.0,4176.0,4109.0,131,432,1.77
107,2019-08-08,FUTENR,BRCRUDEM,30-08-2019,4097.0,4123.0,4027.0,4080.0,4069.0,131,651,2.65
108,2019-08-07,FUTENR,BRCRUDEM,30-08-2019,4205.0,4210.0,4027.0,4030.0,4185.0,131,1090,4.54
109,2019-08-06,FUTENR,BRCRUDEM,30-08-2019,4281.0,4299.0,4250.0,4262.0,4261.0,117,561,2.4
110,2019-08-05,FUTENR,BRCRUDEM,30-08-2019,4328.0,4352.0,4298.0,4315.0,4331.0,84,525,2.27
111,2019-08-02,FUTENR,BRCRUDEM,30-08-2019,4313.0,4401.0,4298.0,4359.0,4305.0,53,486,2.1
112,2019-08-01,FUTENR,BRCRUDEM,30-08-2019,4469.0,4469.0,4390.0,4390.0,4476.0,81,383,1.71
113,2019-07-31,FUTENR,BRCRUDEM,31-07-2019,4496.0,4510.0,4488.0,4510.0,4490.0,221,124,0.56
114,2019-07-31,FUTENR,BRCRUDEM,30-08-2019,4507.0,4511.0,4490.0,4510.0,4515.0,51,281,1.26
115,2019-07-30,FUTENR,BRCRUDEM,31-07-2019,4404.0,4442.0,4401.0,4430.0,4428.0,230,556,2.46
116,2019-07-30,FUTENR,BRCRUDEM,30-08-2019,4415.0,4446.0,4412.0,4445.0,4450.0,42,83,0.37
117,2019-07-29,FUTENR,BRCRUDEM,31-07-2019,4363.0,4384.0,4335.0,4368.0,4368.0,285,611,2.66
118,2019-07-29,FUTENR,BRCRUDEM,30-08-2019,4367.0,4367.0,4367.0,4367.0,4390.0,10,10,0.04
119,2019-07-26,FUTENR,BRCRUDEM,31-07-2019,4389.0,4407.0,4348.0,4348.0,4408.0,285,578,2.54
120,2019-07-25,FUTENR,BRCRUDEM,31-07-2019,4362.0,4430.0,4362.0,4396.0,4407.0,258,683,3.0
121,2019-07-24,FUTENR,BRCRUDEM,31-07-2019,4418.0,4453.0,4395.0,4402.0,4357.0,225,444,1.96
122,2019-07-23,FUTENR,BRCRUDEM,31-07-2019,4362.0,4382.0,4320.0,4353.0,4356.0,225,488,2.12
123,2019-07-22,FUTENR,BRCRUDEM,31-07-2019,4360.0,4407.0,4335.0,4355.0,4395.0,185,455,1.99
124,2019-07-19,FUTENR,BRCRUDEM,31-07-2019,4342.0,4348.0,4287.0,4291.0,4346.0,162,542,2.35
125,2019-07-18,FUTENR,BRCRUDEM,31-07-2019,4402.0,4448.0,4311.0,4318.0,4427.0,126,539,2.37
126,2019-07-17,FUTENR,BRCRUDEM,31-07-2019,4444.0,4502.0,4442.0,4485.0,4481.0,106,522,2.33
127,2019-07-16,FUTENR,BRCRUDEM,31-07-2019,4571.0,4607.0,4460.0,4522.0,4522.0,77,569,2.6
128,2019-07-15,FUTENR,BRCRUDEM,31-07-2019,4577.0,4629.0,4564.0,4564.0,4616.0,43,355,1.63
129,2019-07-12,FUTENR,BRCRUDEM,31-07-2019,4596.0,4617.0,4583.0,4583.0,4616.0,58,288,1.33
130,2019-07-11,FUTENR,BRCRUDEM,31-07-2019,4602.0,4629.0,4577.0,4577.0,4627.0,67,244,1.13
131,2019-07-10,FUTENR,BRCRUDEM,31-07-2019,4455.0,4544.0,4450.0,4544.0,4508.0,58,186,0.83
132,2019-07-09,FUTENR,BRCRUDEM,31-07-2019,4403.0,4450.0,4401.0,4419.0,4454.0,59,299,1.32
133,2019-07-08,FUTENR,BRCRUDEM,31-07-2019,4424.0,4460.0,4411.0,4436.0,4440.0,73,253,1.12
134,2019-07-05,FUTENR,BRCRUDEM,31-07-2019,4358.0,4429.0,4330.0,4426.0,4382.0,52,226,0.99
135,2019-07-04,FUTENR,BRCRUDEM,31-07-2019,4383.0,4400.0,4355.0,4371.0,4415.0,42,193,0.85
136,2019-07-03,FUTENR,BRCRUDEM,31-07-2019,4348.0,4402.0,4314.0,4402.0,4368.0,52,255,1.11
137,2019-07-02,FUTENR,BRCRUDEM,31-07-2019,4501.0,4540.0,4431.0,4431.0,4503.0,53,262,1.18
138,2019-07-01,FUTENR,BRCRUDEM,31-07-2019,4588.0,4615.0,4490.0,4501.0,4612.0,27,174,0.8
139,2019-06-28,FUTENR,BRCRUDEM,28-06-2019,4523.0,4580.0,4519.0,4537.0,4582.0,88,150,0.68
140,2019-06-28,FUTENR,BRCRUDEM,31-07-2019,4548.0,4566.0,4540.0,4566.0,4623.0,9,12,0.05
141,2019-06-27,FUTENR,BRCRUDEM,28-06-2019,4601.0,4610.0,4554.0,4597.0,4566.0,63,102,0.47
142,2019-06-27,FUTENR,BRCRUDEM,31-07-2019,4575.0,4615.0,4575.0,4615.0,4592.0,9,15,0.07
143,2019-06-26,FUTENR,BRCRUDEM,28-06-2019,4602.0,4623.0,4566.0,4610.0,4576.0,46,134,0.62
144,2019-06-25,FUTENR,BRCRUDEM,28-06-2019,4488.0,4550.0,4485.0,4550.0,4489.0,47,115,0.52
145,2019-06-24,FUTENR,BRCRUDEM,28-06-2019,4591.0,4597.0,4471.0,4471.0,4471.0,61,50,0.23
146,2019-06-21,FUTENR,BRCRUDEM,28-06-2019,4534.0,4593.0,4509.0,4563.0,4547.0,57,115,0.52
147,2019-06-20,FUTENR,BRCRUDEM,28-06-2019,4418.0,4469.0,4416.0,4441.0,4433.0,67,122,0.54
148,2019-06-19,FUTENR,BRCRUDEM,28-06-2019,4351.0,4381.0,4313.0,4367.0,4322.0,62,97,0.42
149,2019-06-18,FUTENR,BRCRUDEM,28-06-2019,4247.0,4365.0,4229.0,4365.0,4246.0,47,106,0.45
150,2019-06-17,FUTENR,BRCRUDEM,28-06-2019,4369.0,4377.0,4305.0,4330.0,4319.0,43,555,2.41
151,2019-06-14,FUTENR,BRCRUDEM,28-06-2019,4322.0,4357.0,4276.0,4353.0,4276.0,32,246,1.06
152,2019-06-13,FUTENR,BRCRUDEM,28-06-2019,4181.0,4383.0,4181.0,4284.0,4332.0,38,856,3.69
153,2019-06-12,FUTENR,BRCRUDEM,28-06-2019,4292.0,4294.0,4235.0,4261.0,4233.0,32,457,1.95
154,2019-06-11,FUTENR,BRCRUDEM,28-06-2019,4373.0,4392.0,4340.0,4356.0,4350.0,33,463,2.02
155,2019-06-10,FUTENR,BRCRUDEM,28-06-2019,4440.0,4458.0,4397.0,4401.0,4421.0,32,379,1.68
156,2019-06-07,FUTENR,BRCRUDEM,28-06-2019,4353.0,4407.0,4344.0,4364.0,4366.0,33,449,1.96
157,2019-06-06,FUTENR,BRCRUDEM,28-06-2019,4258.0,4288.0,4234.0,4234.0,4277.0,24,511,2.18
158,2019-06-04,FUTENR,BRCRUDEM,28-06-2019,4251.0,4336.0,4210.0,4332.0,4230.0,23,507,2.16
159,2019-06-03,FUTENR,BRCRUDEM,28-06-2019,4296.0,4371.0,4271.0,4291.0,4381.0,24,323,1.4
160,2019-05-31,FUTENR,BRCRUDEM,31-05-2019,4648.0,4648.0,4648.0,4648.0,4500.0,226,2,0.01
161,2019-05-30,FUTENR,BRCRUDEM,31-05-2019,4860.0,4865.0,4693.0,4693.0,4841.0,227,516,2.49
162,2019-05-30,FUTENR,BRCRUDEM,28-06-2019,4885.0,4885.0,4721.0,4721.0,4866.0,17,29,0.14
163,2019-05-29,FUTENR,BRCRUDEM,31-05-2019,4848.0,4850.0,4746.0,4805.0,4786.0,325,539,2.59
164,2019-05-28,FUTENR,BRCRUDEM,31-05-2019,4866.0,4903.0,4840.0,4881.0,4898.0,340,449,2.19
165,2019-05-27,FUTENR,BRCRUDEM,31-05-2019,4755.0,4798.0,4744.0,4790.0,4774.0,290,446,2.13
166,2019-05-24,FUTENR,BRCRUDEM,31-05-2019,4773.0,4778.0,4736.0,4736.0,4792.0,270,233,1.11
167,2019-05-23,FUTENR,BRCRUDEM,31-05-2019,4880.0,4895.0,4810.0,4810.0,4876.0,282,162,0.79
168,2019-05-22,FUTENR,BRCRUDEM,31-05-2019,4991.0,5008.0,4906.0,4920.0,5010.0,280,682,3.4
169,2019-05-21,FUTENR,BRCRUDEM,31-05-2019,5067.0,5073.0,4999.0,5012.0,5030.0,200,596,2.99
170,2019-05-20,FUTENR,BRCRUDEM,31-05-2019,5088.0,5111.0,5044.0,5045.0,5109.0,164,317,1.61
171,2019-05-17,FUTENR,BRCRUDEM,31-05-2019,5115.0,5133.0,5073.0,5074.0,5141.0,164,486,2.48
172,2019-05-16,FUTENR,BRCRUDEM,31-05-2019,5073.0,5139.0,5033.0,5115.0,5107.0,187,648,3.29
173,2019-05-15,FUTENR,BRCRUDEM,31-05-2019,4996.0,5060.0,4967.0,5060.0,5004.0,164,462,2.31
174,2019-05-14,FUTENR,BRCRUDEM,31-05-2019,4971.0,5036.0,4927.0,5021.0,4990.0,132,586,2.92
175,2019-05-13,FUTENR,BRCRUDEM,31-05-2019,4970.0,5121.0,4970.0,5047.0,5069.0,92,473,2.39
176,2019-05-10,FUTENR,BRCRUDEM,31-05-2019,4956.0,4975.0,4926.0,4966.0,4983.0,92,330,1.63
177,2019-05-09,FUTENR,BRCRUDEM,31-05-2019,4876.0,4941.0,4875.0,4932.0,4943.0,132,574,2.81
178,2019-05-08,FUTENR,BRCRUDEM,31-05-2019,4890.0,4904.0,4846.0,4904.0,4876.0,52,263,1.28
179,2019-05-07,FUTENR,BRCRUDEM,31-05-2019,4946.0,4956.0,4867.0,4904.0,4916.0,54,307,1.51
180,2019-05-06,FUTENR,BRCRUDEM,31-05-2019,4821.0,4930.0,4801.0,4914.0,4899.0,62,234,1.14
181,2019-05-03,FUTENR,BRCRUDEM,31-05-2019,4903.0,4950.0,4858.0,4950.0,4910.0,44,216,1.06
182,2019-05-02,FUTENR,BRCRUDEM,31-05-2019,5014.0,5017.0,4900.0,4900.0,5002.0,60,183,0.91
183,2019-04-30,FUTENR,BRCRUDEM,30-04-2019,5001.0,5090.0,5001.0,5054.0,5083.0,485,86,0.43
184,2019-04-30,FUTENR,BRCRUDEM,31-05-2019,5031.0,5105.0,5020.0,5098.0,5123.0,42,219,1.11
185,2019-04-26,FUTENR,BRCRUDEM,30-04-2019,5200.0,5203.0,5090.0,5118.0,5142.0,485,285,1.47
186,2019-04-26,FUTENR,BRCRUDEM,31-05-2019,5123.0,5123.0,5119.0,5119.0,5172.0,42,12,0.06
187,2019-04-25,FUTENR,BRCRUDEM,30-04-2019,5217.0,5302.0,5215.0,5262.0,5275.0,385,975,5.14
188,2019-04-25,FUTENR,BRCRUDEM,31-05-2019,5309.0,5310.0,5295.0,5295.0,5306.0,30,38,0.2
189,2019-04-24,FUTENR,BRCRUDEM,30-04-2019,5171.0,5215.0,5166.0,5206.0,5209.0,295,378,1.96
190,2019-04-23,FUTENR,BRCRUDEM,30-04-2019,5164.0,5198.0,5157.0,5172.0,5207.0,194,388,2.01
191,2019-04-22,FUTENR,BRCRUDEM,30-04-2019,5136.0,5163.0,5119.0,5152.0,5002.0,154,362,1.86
192,2019-04-18,FUTENR,BRCRUDEM,30-04-2019,4972.0,4985.0,4948.0,4974.0,4995.0,114,281,1.4
193,2019-04-17,FUTENR,BRCRUDEM,30-04-2019,4980.0,4985.0,4970.0,4981.0,4981.0,94,50,0.25
194,2019-04-16,FUTENR,BRCRUDEM,30-04-2019,4932.0,4968.0,4925.0,4967.0,4969.0,54,427,2.11
195,2019-04-15,FUTENR,BRCRUDEM,30-04-2019,4949.0,4955.0,4919.0,4941.0,4938.0,62,327,1.62
196,2019-04-12,FUTENR,BRCRUDEM,30-04-2019,4921.0,4970.0,4916.0,4957.0,4990.0,124,229,1.13
197,2019-04-11,FUTENR,BRCRUDEM,30-04-2019,4945.0,4948.0,4905.0,4913.0,4939.0,165,482,2.38
198,2019-04-10,FUTENR,BRCRUDEM,30-04-2019,4890.0,4953.0,4890.0,4953.0,4937.0,294,283,1.39
199,2019-04-09,FUTENR,BRCRUDEM,30-04-2019,4964.0,4965.0,4888.0,4908.0,4975.0,257,423,2.09
200,2019-04-08,FUTENR,BRCRUDEM,30-04-2019,4912.0,4940.0,4908.0,4936.0,4947.0,197,490,2.41
201,2019-04-05,FUTENR,BRCRUDEM,30-04-2019,4790.0,4848.0,4779.0,4847.0,4820.0,187,517,2.48
202,2019-04-04,FUTENR,BRCRUDEM,30-04-2019,4769.0,4830.0,4764.0,4826.0,4800.0,187,439,2.1
203,2019-04-03,FUTENR,BRCRUDEM,30-04-2019,4806.0,4815.0,4734.0,4739.0,4808.0,203,577,2.77
204,2019-04-02,FUTENR,BRCRUDEM,30-04-2019,4813.0,4818.0,4752.0,4790.0,4824.0,124,461,2.21
205,2019-04-01,FUTENR,BRCRUDEM,30-04-2019,4738.0,4774.0,4735.0,4744.0,4789.0,70,344,1.64
206,2019-03-29,FUTENR,BRCRUDEM,29-03-2019,4690.0,4700.0,4629.0,4700.0,4727.0,83,347,1.62
207,2019-03-29,FUTENR,BRCRUDEM,30-04-2019,4731.0,4767.0,4651.0,4756.0,4777.0,70,292,1.38
208,2019-03-28,FUTENR,BRCRUDEM,29-03-2019,4655.0,4656.0,4600.0,4646.0,4642.0,93,406,1.88
209,2019-03-28,FUTENR,BRCRUDEM,30-04-2019,4693.0,4693.0,4641.0,4680.0,4672.0,30,93,0.43
210,2019-03-27,FUTENR,BRCRUDEM,29-03-2019,4681.0,4699.0,4641.0,4675.0,4675.0,102,290,1.36
211,2019-03-27,FUTENR,BRCRUDEM,30-04-2019,4714.0,4732.0,4694.0,4715.0,4717.0,32,85,0.4
212,2019-03-26,FUTENR,BRCRUDEM,29-03-2019,4615.0,4675.0,4615.0,4672.0,4630.0,111,248,1.15
213,2019-03-26,FUTENR,BRCRUDEM,30-04-2019,4680.0,4714.0,4680.0,4696.0,4660.0,15,48,0.23
214,2019-03-25,FUTENR,BRCRUDEM,29-03-2019,4572.0,4614.0,4568.0,4605.0,4627.0,103,414,1.9
215,2019-03-25,FUTENR,BRCRUDEM,30-04-2019,4618.0,4650.0,4617.0,4650.0,4657.0,11,8,0.04
216,2019-03-22,FUTENR,BRCRUDEM,29-03-2019,4622.0,4645.0,4580.0,4592.0,4618.0,121,387,1.79
217,2019-03-21,FUTENR,BRCRUDEM,29-03-2019,4645.0,4673.0,4645.0,4662.0,4713.0,102,17,0.08
218,2019-03-20,FUTENR,BRCRUDEM,29-03-2019,4647.0,4684.0,4606.0,4684.0,4659.0,103,416,1.92
219,2019-03-20,FUTENR,BRCRUDEM,30-04-2019,4674.0,4675.0,4648.0,4648.0,4689.0,11,12,0.06
220,2019-03-19,FUTENR,BRCRUDEM,29-03-2019,4630.0,4679.0,4622.0,4624.0,4681.0,157,360,1.67
221,2019-03-19,FUTENR,BRCRUDEM,30-04-2019,4697.0,4697.0,4697.0,4697.0,4711.0,3,3,0.01
222,2019-03-18,FUTENR,BRCRUDEM,29-03-2019,4618.0,4635.0,4584.0,4635.0,4624.0,147,296,1.37
223,2019-03-18,FUTENR,BRCRUDEM,30-04-2019,4609.0,4645.0,4599.0,4642.0,4653.0,0,9,0.04
224,2019-03-15,FUTENR,BRCRUDEM,29-03-2019,4652.0,4675.0,4575.0,4623.0,4655.0,147,490,2.27
225,2019-03-14,FUTENR,BRCRUDEM,29-03-2019,4717.0,4742.0,4659.0,4677.0,4740.0,116,568,2.68
226,2019-03-13,FUTENR,BRCRUDEM,29-03-2019,4666.0,4703.0,4649.0,4677.0,4696.0,124,699,3.26
227,2019-03-12,FUTENR,BRCRUDEM,29-03-2019,4656.0,4694.0,4640.0,4647.0,4698.0,132,582,2.72
228,2019-03-11,FUTENR,BRCRUDEM,29-03-2019,4585.0,4665.0,4585.0,4642.0,4659.0,100,545,2.53
229,2019-03-08,FUTENR,BRCRUDEM,29-03-2019,4619.0,4627.0,4519.0,4519.0,4589.0,83,495,2.27
230,2019-03-07,FUTENR,BRCRUDEM,29-03-2019,4646.0,4691.0,4625.0,4646.0,4706.0,65,518,2.41
231,2019-03-06,FUTENR,BRCRUDEM,29-03-2019,4631.0,4645.0,4590.0,4642.0,4666.0,94,669,3.09
232,2019-03-05,FUTENR,BRCRUDEM,29-03-2019,4636.0,4660.0,4604.0,4649.0,4669.0,121,552,2.56
233,2019-03-04,FUTENR,BRCRUDEM,29-03-2019,4657.0,4660.0,4652.0,4652.0,4697.0,101,30,0.14
234,2019-03-01,FUTENR,BRCRUDEM,29-03-2019,4740.0,4773.0,4597.0,4617.0,4617.0,101,1229,5.82
