,Date,Instrument,Symbol,Expiry_Date,Open_Price,High_Price,Low_Price,Close_Price,Daily_Settlement_Price,Open_Interest,No_of_Contracts,Turnover
0,2019-02-28,FUTBLN,GOLDM,05-03-2019,33162.0,33200.0,33131.0,33200.0,33291.0,0,35,1.16
1,2019-02-28,FUTBLN,GOLDM,05-04-2019,33250.0,33366.0,33026.0,33029.0,33488.0,66,555,18.47
2,2019-02-28,FUTBLN,GOLDM,03-05-2019,33440.0,33440.0,33323.0,33323.0,33700.0,1,3,0.1
3,2019-02-27,FUTBLN,GOLDM,05-03-2019,33302.0,33465.0,33242.0,33301.0,33422.0,1,190,6.34
4,2019-02-27,FUTBLN,GOLDM,05-04-2019,33432.0,33592.0,33280.0,33280.0,33619.0,68,380,12.72
5,2019-02-26,FUTBLN,GOLDM,05-03-2019,33386.0,33447.0,33214.0,33294.0,33316.0,4,270,9.0
6,2019-02-26,FUTBLN,GOLDM,05-04-2019,33505.0,33540.0,33333.0,33359.0,33511.0,56,312,10.43
7,2019-02-25,FUTBLN,GOLDM,05-03-2019,33350.0,33394.0,33154.0,33222.0,33394.0,10,336,11.19
8,2019-02-25,FUTBLN,GOLDM,05-04-2019,33519.0,33519.0,33334.0,33390.0,33590.0,47,127,4.25
9,2019-02-22,FUTBLN,GOLDM,05-03-2019,33281.0,33404.0,33199.0,33393.0,33299.0,74,367,12.21
10,2019-02-22,FUTBLN,GOLDM,05-04-2019,33390.0,33479.0,33350.0,33461.0,33494.0,65,11,0.37
11,2019-02-21,FUTBLN,GOLDM,05-03-2019,33606.0,33645.0,33375.0,33394.0,33549.0,57,782,26.23
12,2019-02-21,FUTBLN,GOLDM,05-04-2019,33701.0,33759.0,33550.0,33552.0,33745.0,66,72,2.42
13,2019-02-20,FUTBLN,GOLDM,05-03-2019,33841.0,33847.0,33690.0,33717.0,33744.0,74,597,20.15
14,2019-02-20,FUTBLN,GOLDM,05-04-2019,33963.0,33966.0,33855.0,33889.0,33941.0,90,69,2.34
15,2019-02-19,FUTBLN,GOLDM,05-03-2019,33451.0,33705.0,33443.0,33705.0,33619.0,74,604,20.25
16,2019-02-19,FUTBLN,GOLDM,05-04-2019,33611.0,33741.0,33563.0,33734.0,33814.0,65,39,1.31
17,2019-02-18,FUTBLN,GOLDM,05-03-2019,33424.0,33465.0,33366.0,33436.0,33405.0,74,491,16.41
18,2019-02-18,FUTBLN,GOLDM,05-04-2019,33529.0,33583.0,33491.0,33583.0,33599.0,50,40,1.34
19,2019-02-15,FUTBLN,GOLDM,05-03-2019,33074.0,33264.0,33055.0,33227.0,33269.0,72,648,21.48
20,2019-02-15,FUTBLN,GOLDM,05-04-2019,33177.0,33366.0,33165.0,33366.0,33462.0,42,86,2.86
21,2019-02-14,FUTBLN,GOLDM,05-03-2019,32810.0,32992.0,32766.0,32975.0,32960.0,37,646,21.23
22,2019-02-14,FUTBLN,GOLDM,05-04-2019,32931.0,32950.0,32931.0,32950.0,33151.0,13,6,0.2
23,2019-02-13,FUTBLN,GOLDM,05-03-2019,32748.0,33002.0,32697.0,32977.0,32964.0,67,720,23.63
24,2019-02-13,FUTBLN,GOLDM,05-04-2019,32851.0,32953.0,32851.0,32918.0,33155.0,15,37,1.22
25,2019-02-12,FUTBLN,GOLDM,05-03-2019,32933.0,32934.0,32730.0,32738.0,32990.0,55,506,16.63
26,2019-02-12,FUTBLN,GOLDM,05-04-2019,32969.0,32998.0,32949.0,32960.0,33183.0,5,18,0.59
27,2019-02-11,FUTBLN,GOLDM,05-03-2019,33047.0,33064.0,32814.0,32922.0,32922.0,54,664,21.87
28,2019-02-11,FUTBLN,GOLDM,05-04-2019,33129.0,33129.0,32915.0,32945.0,33196.0,0,25,0.82
29,2019-02-08,FUTBLN,GOLDM,05-03-2019,33016.0,33129.0,32918.0,33101.0,33142.0,46,596,19.69
30,2019-02-08,FUTBLN,GOLDM,05-04-2019,33084.0,33208.0,33082.0,33208.0,33335.0,1,7,0.23
31,2019-02-07,FUTBLN,GOLDM,05-03-2019,33091.0,33116.0,32955.0,33050.0,33161.0,25,782,25.82
32,2019-02-07,FUTBLN,GOLDM,05-04-2019,33113.0,33113.0,33077.0,33098.0,33358.0,0,10,0.33
33,2019-02-06,FUTBLN,GOLDM,05-03-2019,33280.0,33331.0,33188.0,33223.0,33408.0,30,496,16.5
34,2019-02-06,FUTBLN,GOLDM,05-04-2019,33361.0,33361.0,33318.0,33332.0,33607.0,0,7,0.23
35,2019-02-05,FUTBLN,GOLDM,05-03-2019,33334.0,33383.0,33245.0,33250.0,33250.0,46,374,12.45
36,2019-02-05,FUTBLN,GOLDM,05-04-2019,33373.0,33373.0,33369.0,33370.0,33606.0,1,3,0.1
37,2019-02-04,FUTBLN,GOLDM,05-03-2019,33273.0,33342.0,33225.0,33327.0,33412.0,53,243,8.09
38,2019-02-01,FUTBLN,GOLDM,05-02-2019,33060.0,33060.0,33060.0,33060.0,33181.0,11,2,0.07
39,2019-02-01,FUTBLN,GOLDM,05-03-2019,33000.0,33285.0,32930.0,33252.0,33360.0,58,159,5.27
40,2019-01-31,FUTBLN,GOLDM,05-02-2019,32978.0,33183.0,32978.0,33183.0,33227.0,11,103,3.41
41,2019-01-31,FUTBLN,GOLDM,05-03-2019,32823.0,33050.0,32814.0,32944.0,33407.0,46,116,3.82
42,2019-01-30,FUTBLN,GOLDM,05-02-2019,32981.0,32981.0,32851.0,32951.0,33005.0,104,33,1.09
43,2019-01-30,FUTBLN,GOLDM,05-03-2019,32864.0,32880.0,32754.0,32758.0,33183.0,49,139,4.56
44,2019-01-29,FUTBLN,GOLDM,05-02-2019,32579.0,32906.0,32545.0,32906.0,32856.0,110,58,1.89
45,2019-01-29,FUTBLN,GOLDM,05-03-2019,32532.0,32655.0,32500.0,32640.0,33033.0,20,117,3.81
46,2019-01-28,FUTBLN,GOLDM,05-02-2019,32455.0,32567.0,32453.0,32567.0,32691.0,126,149,4.84
47,2019-01-28,FUTBLN,GOLDM,05-03-2019,32434.0,32475.0,32434.0,32435.0,32868.0,4,32,1.04
48,2019-01-25,FUTBLN,GOLDM,05-02-2019,32030.0,32215.0,32029.0,32205.0,32344.0,126,168,5.39
49,2019-01-25,FUTBLN,GOLDM,05-03-2019,32047.0,32138.0,32047.0,32120.0,32518.0,1,42,1.35
50,2019-01-24,FUTBLN,GOLDM,05-02-2019,32125.0,32125.0,31996.0,32032.0,32317.0,144,238,7.63
51,2019-01-24,FUTBLN,GOLDM,05-03-2019,32084.0,32096.0,32020.0,32020.0,32491.0,26,39,1.25
52,2019-01-23,FUTBLN,GOLDM,05-02-2019,32140.0,32195.0,32061.0,32137.0,32137.0,113,313,10.06
53,2019-01-23,FUTBLN,GOLDM,05-03-2019,32130.0,32176.0,32130.0,32176.0,32586.0,11,8,0.26
54,2019-01-22,FUTBLN,GOLDM,05-02-2019,32032.0,32172.0,32002.0,32050.0,32415.0,29,273,8.77
55,2019-01-22,FUTBLN,GOLDM,05-03-2019,32118.0,32158.0,32118.0,32126.0,32590.0,5,6,0.19
56,2019-01-21,FUTBLN,GOLDM,05-02-2019,32181.0,32181.0,31990.0,32033.0,32251.0,31,335,10.74
57,2019-01-21,FUTBLN,GOLDM,05-03-2019,32170.0,32184.0,32033.0,32033.0,32425.0,7,7,0.22
58,2019-01-18,FUTBLN,GOLDM,05-02-2019,32260.0,32292.0,32055.0,32103.0,32386.0,38,354,11.4
59,2019-01-17,FUTBLN,GOLDM,05-02-2019,32281.0,32359.0,32195.0,32242.0,32242.0,38,223,7.2
60,2019-01-17,FUTBLN,GOLDM,05-03-2019,32336.0,32336.0,32336.0,32336.0,32687.0,0,1,0.03
61,2019-01-16,FUTBLN,GOLDM,05-02-2019,32121.0,32268.0,32116.0,32256.0,32439.0,38,209,6.74
62,2019-01-16,FUTBLN,GOLDM,05-03-2019,32280.0,32280.0,32280.0,32280.0,32615.0,1,1,0.03
63,2019-01-15,FUTBLN,GOLDM,05-02-2019,32145.0,32208.0,32115.0,32208.0,32384.0,33,220,7.07
64,2019-01-15,FUTBLN,GOLDM,05-03-2019,32161.0,32166.0,32160.0,32166.0,32560.0,0,4,0.13
65,2019-01-14,FUTBLN,GOLDM,05-02-2019,31991.0,32193.0,31968.0,32094.0,32248.0,40,181,5.81
66,2019-01-11,FUTBLN,GOLDM,05-02-2019,31970.0,32059.0,31909.0,31921.0,32266.0,43,279,8.93
67,2019-01-10,FUTBLN,GOLDM,05-02-2019,32050.0,32112.0,31874.0,31874.0,32266.0,43,209,6.7
68,2019-01-09,FUTBLN,GOLDM,05-02-2019,31700.0,31923.0,31700.0,31923.0,32046.0,40,166,5.27
69,2019-01-08,FUTBLN,GOLDM,05-02-2019,31640.0,31682.0,31579.0,31682.0,31883.0,59,136,4.3
70,2019-01-08,FUTBLN,GOLDM,05-03-2019,31700.0,31740.0,31700.0,31700.0,32054.0,0,4,0.13
71,2019-01-07,FUTBLN,GOLDM,05-02-2019,31491.0,31721.0,31487.0,31641.0,31974.0,58,158,5.0
72,2019-01-04,FUTBLN,GOLDM,04-01-2019,31901.0,31901.0,31901.0,31901.0,31811.0,0,1,0.03
73,2019-01-04,FUTBLN,GOLDM,05-02-2019,31815.0,31815.0,31683.0,31693.0,31957.0,57,140,4.45
74,2019-01-03,FUTBLN,GOLDM,05-02-2019,31783.0,31919.0,31745.0,31765.0,32112.0,51,157,5.0
75,2019-01-03,FUTBLN,GOLDM,05-03-2019,31835.0,31905.0,31835.0,31850.0,32311.0,0,4,0.13
76,2019-01-02,FUTBLN,GOLDM,05-02-2019,31426.0,31670.0,31426.0,31643.0,31974.0,8,141,4.45
77,2019-01-02,FUTBLN,GOLDM,05-03-2019,31702.0,31734.0,31702.0,31734.0,32169.0,0,4,0.13
78,2019-01-01,FUTBLN,GOLDM,05-02-2019,31428.0,31440.0,31405.0,31428.0,31428.0,5,88,2.77
79,2020-02-28,FUTBLN,GOLDM,03-04-2020,42629.0,42640.0,42296.0,42473.0,42511.0,32,146,6.21
80,2020-02-27,FUTBLN,GOLDM,05-03-2020,42430.0,42430.0,42430.0,42430.0,42526.0,0,2,0.08
81,2020-02-27,FUTBLN,GOLDM,03-04-2020,42690.0,42739.0,42510.0,42669.0,42713.0,26,71,3.03
82,2020-02-26,FUTBLN,GOLDM,05-03-2020,42355.0,42552.0,42355.0,42549.0,42569.0,2,91,3.87
83,2020-02-26,FUTBLN,GOLDM,03-04-2020,42620.0,42812.0,42508.0,42622.0,42755.0,31,40,1.7
84,2020-02-25,FUTBLN,GOLDM,05-03-2020,42900.0,42900.0,42294.0,42533.0,42767.0,54,75,3.2
85,2020-02-25,FUTBLN,GOLDM,03-04-2020,42450.0,42450.0,41449.0,41449.0,42954.0,3,3,0.13
86,2020-02-24,FUTBLN,GOLDM,05-03-2020,42890.0,43547.0,42858.0,43394.0,43461.0,51,136,5.89
87,2020-02-21,FUTBLN,GOLDM,05-03-2020,42330.0,42330.0,42330.0,42330.0,41666.0,20,1,0.04
88,2020-02-20,FUTBLN,GOLDM,05-03-2020,41580.0,41791.0,41423.0,41760.0,41673.0,19,354,14.74
89,2020-02-19,FUTBLN,GOLDM,05-03-2020,41250.0,41437.0,41247.0,41335.0,41598.0,11,151,6.24
90,2020-02-18,FUTBLN,GOLDM,05-03-2020,40871.0,40963.0,40835.0,40953.0,41118.0,117,35,1.43
91,2020-02-17,FUTBLN,GOLDM,05-03-2020,40807.0,40824.0,40680.0,40732.0,40903.0,93,102,4.15
92,2020-02-14,FUTBLN,GOLDM,05-03-2020,40528.0,40712.0,40528.0,40697.0,40788.0,17,153,6.21
93,2020-02-13,FUTBLN,GOLDM,05-03-2020,40562.0,40625.0,40511.0,40600.0,40789.0,83,122,4.95
94,2020-02-12,FUTBLN,GOLDM,05-03-2020,40340.0,40390.0,40285.0,40362.0,40552.0,9,79,3.19
95,2020-02-11,FUTBLN,GOLDM,05-03-2020,40388.0,40426.0,40270.0,40270.0,40608.0,8,57,2.3
96,2020-02-10,FUTBLN,GOLDM,05-03-2020,40510.0,40601.0,40466.0,40585.0,40800.0,30,51,2.07
97,2020-02-07,FUTBLN,GOLDM,05-03-2020,40340.0,40498.0,40260.0,40439.0,40772.0,8,76,3.07
98,2020-02-06,FUTBLN,GOLDM,05-03-2020,40049.0,40290.0,39985.0,40231.0,40565.0,10,113,4.55
99,2020-02-05,FUTBLN,GOLDM,05-03-2020,40065.0,40210.0,39881.0,39940.0,40231.0,53,61,2.45
100,2020-02-04,FUTBLN,GOLDM,05-03-2020,40532.0,40533.0,40327.0,40405.0,40618.0,25,167,6.75
101,2020-02-03,FUTBLN,GOLDM,05-03-2020,40872.0,40897.0,40575.0,40575.0,40905.0,25,201,8.18
102,2020-02-01,FUTBLN,GOLDM,05-03-2020,40975.0,41049.0,40805.0,41049.0,41247.0,10,57,2.33
103,2020-01-31,FUTBLN,GOLDM,05-02-2020,40580.0,40580.0,40580.0,40580.0,40720.0,0,1,0.04
104,2020-01-31,FUTBLN,GOLDM,05-03-2020,40595.0,40803.0,40578.0,40803.0,40898.0,11,69,2.8
105,2020-01-30,FUTBLN,GOLDM,05-02-2020,40500.0,40800.0,40500.0,40720.0,40740.0,1,7,0.28
106,2020-01-30,FUTBLN,GOLDM,05-03-2020,40630.0,40706.0,40591.0,40665.0,40919.0,9,13,0.53
107,2020-01-29,FUTBLN,GOLDM,05-02-2020,40090.0,40304.0,40051.0,40296.0,40369.0,8,69,2.77
108,2020-01-29,FUTBLN,GOLDM,05-03-2020,40139.0,40328.0,40139.0,40282.0,40545.0,2,22,0.89
109,2020-01-28,FUTBLN,GOLDM,05-02-2020,40488.0,40527.0,40414.0,40483.0,40515.0,53,32,1.29
110,2020-01-27,FUTBLN,GOLDM,05-02-2020,40550.0,40651.0,40468.0,40620.0,40692.0,54,91,3.69
111,2020-01-24,FUTBLN,GOLDM,05-02-2020,40041.0,40058.0,39965.0,40058.0,40147.0,17,130,5.2
112,2020-01-23,FUTBLN,GOLDM,05-02-2020,39930.0,40012.0,39853.0,40012.0,39950.0,105,109,4.35
113,2020-01-22,FUTBLN,GOLDM,05-02-2020,39781.0,39938.0,39746.0,39852.0,39992.0,55,84,3.35
114,2020-01-21,FUTBLN,GOLDM,05-02-2020,40041.0,40147.0,39685.0,39690.0,39950.0,30,110,4.4
115,2020-01-20,FUTBLN,GOLDM,05-02-2020,39893.0,39980.0,39893.0,39933.0,40055.0,36,58,2.32
116,2020-01-17,FUTBLN,GOLDM,05-02-2020,39728.0,39822.0,39717.0,39820.0,39898.0,28,134,5.33
117,2020-01-16,FUTBLN,GOLDM,05-02-2020,39628.0,39751.0,39599.0,39632.0,39850.0,18,144,5.71
118,2020-01-15,FUTBLN,GOLDM,05-02-2020,39661.0,39669.0,39558.0,39572.0,39750.0,28,120,4.76
119,2020-01-14,FUTBLN,GOLDM,05-02-2020,39341.0,39485.0,39315.0,39436.0,39564.0,10,128,5.04
120,2020-01-13,FUTBLN,GOLDM,05-02-2020,39726.0,39743.0,39534.0,39610.0,39663.0,34,73,2.89
121,2020-01-10,FUTBLN,GOLDM,05-02-2020,39685.0,39834.0,39617.0,39815.0,39794.0,23,53,2.1
122,2020-01-09,FUTBLN,GOLDM,05-02-2020,40115.0,40115.0,39614.0,39777.0,39926.0,23,78,3.1
123,2020-01-08,FUTBLN,GOLDM,05-02-2020,41140.0,41239.0,40693.0,40708.0,40922.0,29,115,4.71
124,2020-01-07,FUTBLN,GOLDM,05-02-2020,40250.0,40615.0,40200.0,40575.0,40570.0,47,193,7.8
125,2020-01-06,FUTBLN,GOLDM,05-02-2020,41000.0,41000.0,40751.0,40767.0,40881.0,47,216,8.82
126,2020-01-03,FUTBLN,GOLDM,05-02-2020,39650.0,40057.0,39643.0,39980.0,40128.0,32,63,2.51
127,2020-01-02,FUTBLN,GOLDM,05-02-2020,39060.0,39216.0,39060.0,39206.0,39232.0,34,123,4.81
128,2020-01-01,FUTBLN,GOLDM,03-01-2020,38950.0,38950.0,38950.0,38950.0,38943.0,0,1,0.04
129,2020-01-01,FUTBLN,GOLDM,05-02-2020,39026.0,39036.0,39003.0,39027.0,39027.0,35,39,1.52
130,2019-04-30,FUTBLN,GOLDM,03-05-2019,31797.0,31950.0,31717.0,31779.0,31773.0,2,100,3.18
131,2019-04-30,FUTBLN,GOLDM,04-06-2019,31837.0,31890.0,31747.0,31816.0,31963.0,10,152,4.84
132,2019-04-26,FUTBLN,GOLDM,03-05-2019,31842.0,31942.0,31709.0,31874.0,31820.0,75,652,20.79
133,2019-04-26,FUTBLN,GOLDM,04-06-2019,31926.0,31987.0,31826.0,31895.0,32009.0,106,114,3.63
134,2019-04-25,FUTBLN,GOLDM,03-05-2019,31710.0,31876.0,31654.0,31876.0,31847.0,380,97,3.08
135,2019-04-25,FUTBLN,GOLDM,04-06-2019,31882.0,32017.0,31877.0,31966.0,32036.0,4,9,0.29
136,2019-04-24,FUTBLN,GOLDM,03-05-2019,31461.0,31673.0,31459.0,31673.0,31565.0,379,267,8.42
137,2019-04-24,FUTBLN,GOLDM,04-06-2019,31563.0,31651.0,31563.0,31613.0,31753.0,4,17,0.54
138,2019-04-23,FUTBLN,GOLDM,03-05-2019,31523.0,31569.0,31422.0,31467.0,31566.0,255,384,12.09
139,2019-04-23,FUTBLN,GOLDM,04-06-2019,31637.0,31637.0,31570.0,31570.0,31753.0,10,11,0.35
140,2019-04-22,FUTBLN,GOLDM,03-05-2019,31640.0,31704.0,31546.0,31546.0,31619.0,130,607,19.23
141,2019-04-18,FUTBLN,GOLDM,03-05-2019,31402.0,31525.0,31355.0,31405.0,31540.0,475,337,10.6
142,2019-04-17,FUTBLN,GOLDM,03-05-2019,31444.0,31453.0,31430.0,31430.0,31712.0,480,202,6.35
143,2019-04-16,FUTBLN,GOLDM,03-05-2019,31687.0,31761.0,31492.0,31492.0,31718.0,280,1056,33.47
144,2019-04-15,FUTBLN,GOLDM,03-05-2019,31634.0,31762.0,31614.0,31762.0,31672.0,515,179,5.67
145,2019-04-12,FUTBLN,GOLDM,03-05-2019,31723.0,31854.0,31697.0,31771.0,31765.0,516,706,22.42
146,2019-04-11,FUTBLN,GOLDM,03-05-2019,32101.0,32107.0,31712.0,31712.0,31929.0,100,1410,45.03
147,2019-04-10,FUTBLN,GOLDM,03-05-2019,32013.0,32181.0,31977.0,32171.0,32069.0,692,444,14.24
148,2019-04-09,FUTBLN,GOLDM,03-05-2019,32125.0,32187.0,32045.0,32110.0,32079.0,787,887,28.49
149,2019-04-08,FUTBLN,GOLDM,03-05-2019,31916.0,32150.0,31914.0,32048.0,32041.0,296,1414,45.29
150,2019-04-05,FUTBLN,GOLDM,03-05-2019,31635.0,31773.0,31635.0,31771.0,31771.0,394,743,23.57
151,2019-04-04,FUTBLN,GOLDM,03-05-2019,31600.0,31762.0,31526.0,31618.0,31713.0,296,1004,31.81
152,2019-04-03,FUTBLN,GOLDM,03-05-2019,31642.0,31686.0,31520.0,31520.0,31652.0,231,382,12.07
153,2019-04-02,FUTBLN,GOLDM,03-05-2019,31732.0,31760.0,31619.0,31680.0,31727.0,276,393,12.45
154,2019-04-01,FUTBLN,GOLDM,05-04-2019,31701.0,31701.0,31701.0,31701.0,31664.0,0,1,0.03
155,2019-04-01,FUTBLN,GOLDM,03-05-2019,31871.0,31893.0,31783.0,31792.0,31850.0,88,662,21.08
156,2019-03-29,FUTBLN,GOLDM,05-04-2019,31579.0,31638.0,31514.0,31628.0,31649.0,1,141,4.45
157,2019-03-29,FUTBLN,GOLDM,03-05-2019,31696.0,31944.0,31650.0,31900.0,31835.0,40,194,6.17
158,2019-03-28,FUTBLN,GOLDM,05-04-2019,31982.0,32027.0,31833.0,31833.0,31936.0,18,450,14.39
159,2019-03-28,FUTBLN,GOLDM,03-05-2019,32119.0,32153.0,31906.0,31906.0,32115.0,19,38,1.22
160,2019-03-27,FUTBLN,GOLDM,05-04-2019,32108.0,32180.0,32023.0,32056.0,32097.0,50,444,14.25
161,2019-03-27,FUTBLN,GOLDM,03-05-2019,32225.0,32257.0,32166.0,32202.0,32277.0,13,19,0.61
162,2019-03-26,FUTBLN,GOLDM,05-04-2019,32174.0,32174.0,32047.0,32115.0,32040.0,50,413,13.26
163,2019-03-26,FUTBLN,GOLDM,03-05-2019,32299.0,32299.0,32178.0,32178.0,32219.0,12,3,0.1
164,2019-03-25,FUTBLN,GOLDM,05-04-2019,32170.0,32236.0,32093.0,32214.0,32103.0,85,336,10.81
165,2019-03-25,FUTBLN,GOLDM,03-05-2019,32284.0,32284.0,32218.0,32284.0,32282.0,13,19,0.61
166,2019-03-22,FUTBLN,GOLDM,05-04-2019,31810.0,32134.0,31763.0,32111.0,32077.0,90,359,11.47
167,2019-03-22,FUTBLN,GOLDM,03-05-2019,31900.0,32110.0,31898.0,32108.0,32256.0,12,13,0.42
168,2019-03-21,FUTBLN,GOLDM,05-04-2019,31934.0,32000.0,31810.0,31810.0,31893.0,126,8,0.26
169,2019-03-20,FUTBLN,GOLDM,05-04-2019,31923.0,31948.0,31720.0,31749.0,31900.0,126,498,15.86
170,2019-03-20,FUTBLN,GOLDM,03-05-2019,31980.0,31980.0,31900.0,31917.0,32078.0,6,9,0.29
171,2019-03-19,FUTBLN,GOLDM,05-04-2019,31745.0,32011.0,31694.0,31955.0,32039.0,122,563,17.92
172,2019-03-19,FUTBLN,GOLDM,03-05-2019,31875.0,31950.0,31850.0,31950.0,32218.0,3,7,0.22
173,2019-03-18,FUTBLN,GOLDM,05-04-2019,31726.0,31758.0,31589.0,31669.0,31852.0,126,443,14.04
174,2019-03-15,FUTBLN,GOLDM,05-04-2019,31858.0,31951.0,31774.0,31844.0,32068.0,111,417,13.29
175,2019-03-15,FUTBLN,GOLDM,03-05-2019,31954.0,32041.0,31954.0,32041.0,32246.0,7,5,0.16
176,2019-03-14,FUTBLN,GOLDM,05-04-2019,32166.0,32166.0,31812.0,31838.0,31838.0,103,401,12.85
177,2019-03-14,FUTBLN,GOLDM,03-05-2019,32236.0,32257.0,32236.0,32255.0,32323.0,6,14,0.45
178,2019-03-13,FUTBLN,GOLDM,05-04-2019,32173.0,32316.0,32133.0,32232.0,32374.0,75,396,12.75
179,2019-03-13,FUTBLN,GOLDM,03-05-2019,32365.0,32365.0,32365.0,32365.0,32554.0,4,1,0.03
180,2019-03-12,FUTBLN,GOLDM,05-04-2019,31988.0,32053.0,31885.0,31985.0,32198.0,81,467,14.93
181,2019-03-12,FUTBLN,GOLDM,03-05-2019,32121.0,32125.0,32121.0,32125.0,32376.0,4,2,0.06
182,2019-03-11,FUTBLN,GOLDM,05-04-2019,32135.0,32165.0,31911.0,31911.0,31911.0,75,397,12.73
183,2019-03-11,FUTBLN,GOLDM,03-05-2019,32254.0,32254.0,32177.0,32182.0,32467.0,4,4,0.13
184,2019-03-08,FUTBLN,GOLDM,05-04-2019,31970.0,32225.0,31964.0,32182.0,32302.0,77,382,12.25
185,2019-03-08,FUTBLN,GOLDM,03-05-2019,32138.0,32172.0,32135.0,32165.0,32479.0,2,4,0.13
186,2019-03-07,FUTBLN,GOLDM,05-04-2019,31925.0,31953.0,31802.0,31915.0,32170.0,97,456,14.54
187,2019-03-06,FUTBLN,GOLDM,05-04-2019,32184.0,32293.0,31912.0,31944.0,32360.0,83,390,12.53
188,2019-03-06,FUTBLN,GOLDM,03-05-2019,32220.0,32220.0,32220.0,32220.0,32537.0,1,2,0.06
189,2019-03-05,FUTBLN,GOLDM,05-04-2019,32370.0,32372.0,32091.0,32115.0,32328.0,82,355,11.45
190,2019-03-04,FUTBLN,GOLDM,05-04-2019,32380.0,32396.0,32267.0,32328.0,33045.0,92,89,2.88
191,2019-03-01,FUTBLN,GOLDM,05-04-2019,32952.0,32987.0,32781.0,32829.0,33064.0,92,524,17.24
192,2020-04-20,FUTBLN,GOLDM,05-05-2020,45608.0,45820.0,45469.0,45760.0,45760.0,25,68,3.1
193,2020-04-17,FUTBLN,GOLDM,05-05-2020,46400.0,46430.0,45855.0,45875.0,45875.0,23,43,1.99
194,2020-04-16,FUTBLN,GOLDM,05-05-2020,46551.0,47204.0,46522.0,47202.0,47202.0,18,32,1.5
195,2020-04-15,FUTBLN,GOLDM,05-05-2020,46670.0,46760.0,46184.0,46710.0,46710.0,11,122,5.67
196,2020-04-13,FUTBLN,GOLDM,05-05-2020,45650.0,46290.0,45650.0,46278.0,46278.0,51,87,4.02
197,2020-04-09,FUTBLN,GOLDM,05-05-2020,44885.0,45304.0,44885.0,45292.0,45292.0,24,80,3.6
198,2020-04-08,FUTBLN,GOLDM,05-05-2020,44802.0,44980.0,44760.0,44934.0,44934.0,48,70,3.14
199,2020-04-07,FUTBLN,GOLDM,05-05-2020,45000.0,45200.0,44700.0,45020.0,45020.0,10,105,4.72
200,2020-04-03,FUTBLN,GOLDM,05-05-2020,43800.0,43800.0,43544.0,43742.0,43742.0,19,53,2.32
201,2020-04-01,FUTBLN,GOLDM,05-05-2020,42582.0,43325.0,42581.0,43115.0,43115.0,22,63,2.71
202,2020-03-26,FUTBLN,GOLDM,05-05-2020,42220.0,43098.0,42165.0,43098.0,41403.0,8,56,2.4
203,2020-03-25,FUTBLN,GOLDM,03-04-2020,41800.0,42587.0,41800.0,42587.0,41183.0,0,12,0.51
204,2020-03-25,FUTBLN,GOLDM,05-05-2020,42310.0,42659.0,42289.0,42659.0,41410.0,10,13,0.55
205,2020-03-24,FUTBLN,GOLDM,03-04-2020,41600.0,42200.0,41240.0,42200.0,41190.0,8,5,0.21
206,2020-03-23,FUTBLN,GOLDM,03-04-2020,40749.0,41182.0,40050.0,41182.0,41197.0,6,60,2.44
207,2020-03-20,FUTBLN,GOLDM,03-04-2020,40060.0,40869.0,40029.0,40648.0,41214.0,9,188,7.66
208,2020-03-19,FUTBLN,GOLDM,03-04-2020,39785.0,39965.0,39601.0,39619.0,40466.0,56,90,3.58
209,2020-03-18,FUTBLN,GOLDM,03-04-2020,40300.0,40480.0,39470.0,39833.0,40855.0,13,88,3.52
210,2020-03-17,FUTBLN,GOLDM,03-04-2020,39610.0,39734.0,38750.0,39333.0,39940.0,14,151,5.91
211,2020-03-16,FUTBLN,GOLDM,03-04-2020,41010.0,41225.0,40478.0,40478.0,40695.0,52,90,3.67
212,2020-03-12,FUTBLN,GOLDM,03-04-2020,43295.0,43586.0,42910.0,42910.0,43356.0,64,143,6.2
213,2020-03-11,FUTBLN,GOLDM,03-04-2020,43735.0,43803.0,43535.0,43620.0,43596.0,16,116,5.06
214,2020-03-09,FUTBLN,GOLDM,03-04-2020,44610.0,44610.0,43887.0,44187.0,43927.0,68,113,4.98
215,2020-03-06,FUTBLN,GOLDM,03-04-2020,44450.0,44675.0,44245.0,44647.0,44690.0,79,58,2.58
216,2020-03-05,FUTBLN,GOLDM,03-04-2020,43399.0,43523.0,43235.0,43523.0,43418.0,98,82,3.56
217,2020-03-04,FUTBLN,GOLDM,03-04-2020,43300.0,43665.0,43264.0,43443.0,43319.0,42,174,7.56
218,2020-03-03,FUTBLN,GOLDM,03-04-2020,41890.0,42228.0,41890.0,42190.0,42342.0,21,50,2.1
219,2020-03-02,FUTBLN,GOLDM,03-04-2020,41720.0,42272.0,41720.0,42230.0,42300.0,24,144,6.05
220,2019-06-28,FUTBLN,GOLDM,05-07-2019,34112.0,34150.0,34026.0,34150.0,34042.0,1,265,9.03
221,2019-06-28,FUTBLN,GOLDM,05-08-2019,34325.0,34360.0,34169.0,34197.0,34226.0,63,127,4.35
222,2019-06-27,FUTBLN,GOLDM,05-07-2019,34043.0,34043.0,33803.0,33899.0,33884.0,235,484,16.44
223,2019-06-27,FUTBLN,GOLDM,05-08-2019,34198.0,34198.0,34074.0,34074.0,34067.0,31,31,1.06
224,2019-06-26,FUTBLN,GOLDM,05-07-2019,34120.0,34156.0,33996.0,34150.0,34150.0,152,493,16.79
225,2019-06-25,FUTBLN,GOLDM,05-07-2019,34472.0,34581.0,34212.0,34212.0,34488.0,67,397,13.69
226,2019-06-24,FUTBLN,GOLDM,05-07-2019,33439.0,34425.0,33439.0,34097.0,34115.0,277,481,16.42
227,2019-06-21,FUTBLN,GOLDM,05-07-2019,34178.0,34350.0,33714.0,33900.0,33816.0,79,508,17.26
228,2019-06-20,FUTBLN,GOLDM,05-07-2019,33625.0,33725.0,33589.0,33670.0,33680.0,91,1203,40.49
229,2019-06-19,FUTBLN,GOLDM,05-07-2019,32904.0,32993.0,32887.0,32943.0,32943.0,292,315,10.38
230,2019-06-18,FUTBLN,GOLDM,05-07-2019,32993.0,33126.0,32895.0,32950.0,32962.0,188,729,24.07
231,2019-06-17,FUTBLN,GOLDM,05-07-2019,33046.0,33046.0,32844.0,32990.0,32850.0,113,360,11.87
232,2019-06-14,FUTBLN,GOLDM,05-07-2019,33001.0,33232.0,32980.0,33007.0,33080.0,168,1294,42.86
233,2019-06-13,FUTBLN,GOLDM,05-07-2019,32679.0,32857.0,32668.0,32832.0,32701.0,90,693,22.72
234,2019-06-12,FUTBLN,GOLDM,05-07-2019,32678.0,32765.0,32650.0,32711.0,32757.0,128,496,16.23
235,2019-06-11,FUTBLN,GOLDM,05-07-2019,32625.0,32640.0,32433.0,32567.0,32492.0,185,300,9.75
236,2019-06-10,FUTBLN,GOLDM,05-07-2019,32655.0,32689.0,32550.0,32596.0,32596.0,128,227,7.4
237,2019-06-07,FUTBLN,GOLDM,05-07-2019,32634.0,32925.0,32621.0,32829.0,32733.0,122,954,31.25
238,2019-06-06,FUTBLN,GOLDM,05-07-2019,32667.0,32757.0,32652.0,32727.0,32727.0,143,437,14.29
239,2019-06-05,FUTBLN,GOLDM,05-07-2019,32703.0,32861.0,32581.0,32581.0,32554.0,165,304,9.94
240,2019-06-04,FUTBLN,GOLDM,05-07-2019,32320.0,32650.0,32320.0,32650.0,32650.0,133,397,12.87
241,2019-06-03,FUTBLN,GOLDM,05-07-2019,32310.0,32370.0,32229.0,32360.0,32359.0,144,869,28.07
242,2019-05-31,FUTBLN,GOLDM,04-06-2019,31907.0,32050.0,31903.0,32050.0,32090.0,0,18,0.58
243,2019-05-31,FUTBLN,GOLDM,05-07-2019,31975.0,32213.0,31958.0,32199.0,32199.0,27,149,4.78
244,2019-05-30,FUTBLN,GOLDM,04-06-2019,31597.0,31763.0,31571.0,31727.0,31695.0,17,172,5.44
245,2019-05-30,FUTBLN,GOLDM,05-07-2019,31729.0,31930.0,31687.0,31930.0,31874.0,18,42,1.33
246,2019-05-29,FUTBLN,GOLDM,04-06-2019,31648.0,31811.0,31645.0,31760.0,31828.0,128,635,20.16
247,2019-05-29,FUTBLN,GOLDM,05-07-2019,31760.0,31939.0,31743.0,31848.0,32008.0,12,31,0.99
248,2019-05-28,FUTBLN,GOLDM,04-06-2019,31647.0,31707.0,31529.0,31607.0,31765.0,34,1044,33.01
249,2019-05-28,FUTBLN,GOLDM,05-07-2019,31780.0,31794.0,31768.0,31780.0,31945.0,8,18,0.57
250,2019-05-27,FUTBLN,GOLDM,04-06-2019,31639.0,31702.0,31639.0,31678.0,31775.0,166,173,5.48
251,2019-05-24,FUTBLN,GOLDM,04-06-2019,31684.0,31701.0,31527.0,31553.0,31553.0,77,139,4.39
252,2019-05-23,FUTBLN,GOLDM,04-06-2019,31329.0,31750.0,31267.0,31749.0,31766.0,55,206,6.51
253,2019-05-22,FUTBLN,GOLDM,04-06-2019,31463.0,31559.0,31412.0,31495.0,31591.0,148,390,12.27
254,2019-05-21,FUTBLN,GOLDM,04-06-2019,31512.0,31543.0,31420.0,31461.0,31633.0,46,403,12.69
255,2019-05-20,FUTBLN,GOLDM,04-06-2019,31488.0,31555.0,31420.0,31555.0,31633.0,143,764,24.06
256,2019-05-17,FUTBLN,GOLDM,04-06-2019,32025.0,32029.0,31800.0,31820.0,32025.0,67,168,5.37
257,2019-05-16,FUTBLN,GOLDM,04-06-2019,32253.0,32323.0,31950.0,31950.0,32159.0,69,664,21.41
258,2019-05-15,FUTBLN,GOLDM,04-06-2019,32251.0,32403.0,32183.0,32273.0,32362.0,29,655,21.18
259,2019-05-14,FUTBLN,GOLDM,04-06-2019,32420.0,32447.0,32284.0,32288.0,32371.0,22,640,20.74
260,2019-05-13,FUTBLN,GOLDM,04-06-2019,31919.0,32430.0,31902.0,32423.0,32044.0,32,1251,40.11
261,2019-05-10,FUTBLN,GOLDM,04-06-2019,31877.0,32003.0,31794.0,31931.0,31899.0,328,1034,32.97
262,2019-05-09,FUTBLN,GOLDM,04-06-2019,31750.0,31998.0,31750.0,31895.0,31895.0,51,675,21.48
263,2019-05-08,FUTBLN,GOLDM,04-06-2019,31739.0,31939.0,31723.0,31750.0,31879.0,279,1233,39.24
264,2019-05-07,FUTBLN,GOLDM,04-06-2019,31614.0,31700.0,31553.0,31700.0,31659.0,138,394,12.46
265,2019-05-06,FUTBLN,GOLDM,04-06-2019,31649.0,31652.0,31519.0,31521.0,31697.0,38,36,1.14
266,2019-05-03,FUTBLN,GOLDM,03-05-2019,31200.0,31200.0,31200.0,31200.0,31474.0,0,1,0.03
267,2019-05-03,FUTBLN,GOLDM,04-06-2019,31407.0,31450.0,31273.0,31450.0,31505.0,33,76,2.38
268,2019-05-02,FUTBLN,GOLDM,03-05-2019,31379.0,31480.0,31379.0,31480.0,31358.0,1,2,0.06
269,2019-05-02,FUTBLN,GOLDM,04-06-2019,31527.0,31550.0,31330.0,31374.0,31546.0,38,90,2.83
270,2019-05-01,FUTBLN,GOLDM,04-06-2019,31709.0,31730.0,31695.0,31730.0,31957.0,10,10,0.32
271,2019-08-30,FUTBLN,GOLDM,05-09-2019,38510.0,38510.0,38510.0,38510.0,38533.0,0,1,0.04
272,2019-08-30,FUTBLN,GOLDM,04-10-2019,38742.0,38920.0,38658.0,38689.0,38712.0,74,56,2.17
273,2019-08-29,FUTBLN,GOLDM,05-09-2019,38853.0,38971.0,38700.0,38753.0,38877.0,1,134,5.2
274,2019-08-29,FUTBLN,GOLDM,04-10-2019,39208.0,39359.0,39044.0,39060.0,39057.0,60,64,2.51
275,2019-08-28,FUTBLN,GOLDM,05-09-2019,38523.0,38739.0,38516.0,38734.0,38851.0,114,61,2.36
276,2019-08-28,FUTBLN,GOLDM,04-10-2019,38864.0,39119.0,38864.0,39085.0,39031.0,66,95,3.71
277,2019-08-27,FUTBLN,GOLDM,05-09-2019,38393.0,38530.0,38370.0,38370.0,38476.0,112,57,2.19
278,2019-08-26,FUTBLN,GOLDM,05-09-2019,38673.0,38855.0,38404.0,38476.0,38649.0,110,116,4.48
279,2019-08-23,FUTBLN,GOLDM,05-09-2019,37742.0,38193.0,37596.0,38193.0,37703.0,120,55,2.07
280,2019-08-22,FUTBLN,GOLDM,05-09-2019,37571.0,37729.0,37562.0,37729.0,37770.0,118,48,1.81
281,2019-08-21,FUTBLN,GOLDM,05-09-2019,37544.0,37557.0,37455.0,37521.0,37635.0,106,82,3.08
282,2019-08-20,FUTBLN,GOLDM,05-09-2019,37357.0,37653.0,37357.0,37577.0,37789.0,111,61,2.29
283,2019-08-19,FUTBLN,GOLDM,05-09-2019,37352.0,37428.0,37296.0,37396.0,37568.0,104,31,1.16
284,2019-08-16,FUTBLN,GOLDM,05-09-2019,37740.0,37740.0,37356.0,37426.0,37521.0,111,73,2.74
285,2019-08-14,FUTBLN,GOLDM,05-09-2019,37296.0,37785.0,37190.0,37776.0,37516.0,122,135,5.06
286,2019-08-13,FUTBLN,GOLDM,05-09-2019,37936.0,38133.0,37601.0,37601.0,38014.0,86,105,3.99
287,2019-08-12,FUTBLN,GOLDM,05-09-2019,37803.0,37803.0,37776.0,37776.0,37450.0,91,2,0.08
288,2019-08-09,FUTBLN,GOLDM,05-09-2019,37491.0,37531.0,37384.0,37472.0,37468.0,91,114,4.27
289,2019-08-08,FUTBLN,GOLDM,05-09-2019,37605.0,37748.0,37217.0,37308.0,37308.0,93,217,8.12
290,2019-08-07,FUTBLN,GOLDM,05-09-2019,37370.0,38090.0,37312.0,37876.0,37194.0,105,97,3.64
291,2019-08-06,FUTBLN,GOLDM,05-09-2019,36856.0,37030.0,36630.0,37030.0,36638.0,93,92,3.38
292,2019-08-05,FUTBLN,GOLDM,05-09-2019,36497.0,36824.0,36468.0,36804.0,36418.0,91,127,4.64
293,2019-08-02,FUTBLN,GOLDM,05-09-2019,35389.0,35980.0,35389.0,35972.0,35972.0,68,123,4.38
294,2019-08-01,FUTBLN,GOLDM,05-09-2019,34915.0,35561.0,34788.0,35398.0,35398.0,78,81,2.83
295,2019-07-31,FUTBLN,GOLDM,05-08-2019,34690.0,34756.0,34673.0,34682.0,34810.0,0,11,0.38
296,2019-07-31,FUTBLN,GOLDM,05-09-2019,34996.0,35138.0,34979.0,35040.0,34991.0,66,61,2.14
297,2019-07-30,FUTBLN,GOLDM,05-08-2019,34810.0,34915.0,34794.0,34884.0,34852.0,11,16,0.56
298,2019-07-30,FUTBLN,GOLDM,05-09-2019,35116.0,35202.0,34820.0,34820.0,35034.0,67,46,1.62
299,2019-07-29,FUTBLN,GOLDM,05-08-2019,34800.0,34810.0,34760.0,34774.0,34790.0,21,65,2.26
300,2019-07-29,FUTBLN,GOLDM,05-09-2019,35040.0,35045.0,35016.0,35045.0,34972.0,61,31,1.09
301,2019-07-26,FUTBLN,GOLDM,05-08-2019,34879.0,34893.0,34764.0,34800.0,34837.0,42,313,10.91
302,2019-07-26,FUTBLN,GOLDM,05-09-2019,35075.0,35109.0,35075.0,35078.0,35019.0,36,12,0.42
303,2019-07-25,FUTBLN,GOLDM,05-08-2019,34985.0,35119.0,34848.0,34848.0,35016.0,41,307,10.73
304,2019-07-25,FUTBLN,GOLDM,05-09-2019,35291.0,35302.0,35223.0,35238.0,35199.0,26,33,1.16
305,2019-07-24,FUTBLN,GOLDM,05-08-2019,35004.0,35073.0,34925.0,34977.0,34967.0,62,171,5.99
306,2019-07-24,FUTBLN,GOLDM,05-09-2019,35320.0,35320.0,35320.0,35320.0,35150.0,9,1,0.04
307,2019-07-23,FUTBLN,GOLDM,05-08-2019,34968.0,35113.0,34922.0,35035.0,35035.0,62,301,10.53
308,2019-07-22,FUTBLN,GOLDM,05-08-2019,35119.0,35190.0,35058.0,35074.0,35015.0,66,679,23.84
309,2019-07-19,FUTBLN,GOLDM,05-08-2019,35310.0,35351.0,35054.0,35068.0,35258.0,69,498,17.57
310,2019-07-19,FUTBLN,GOLDM,05-09-2019,35596.0,35613.0,35593.0,35613.0,35443.0,10,5,0.18
311,2019-07-18,FUTBLN,GOLDM,05-08-2019,35001.0,35107.0,34860.0,35096.0,34846.0,61,532,18.61
312,2019-07-18,FUTBLN,GOLDM,05-09-2019,35245.0,35260.0,35245.0,35250.0,35030.0,5,5,0.18
313,2019-07-17,FUTBLN,GOLDM,05-08-2019,34684.0,34960.0,34620.0,34960.0,34549.0,68,720,25.01
314,2019-07-16,FUTBLN,GOLDM,05-08-2019,34791.0,34827.0,34650.0,34660.0,34716.0,64,293,10.18
315,2019-07-15,FUTBLN,GOLDM,05-08-2019,34725.0,34836.0,34720.0,34758.0,34659.0,70,272,9.46
316,2019-07-12,FUTBLN,GOLDM,05-08-2019,34683.0,34770.0,34615.0,34721.0,34541.0,78,543,18.84
317,2019-07-11,FUTBLN,GOLDM,05-08-2019,34952.0,34959.0,34700.0,34708.0,34798.0,83,614,21.41
318,2019-07-10,FUTBLN,GOLDM,05-08-2019,34393.0,34690.0,34340.0,34680.0,34343.0,123,254,8.77
319,2019-07-09,FUTBLN,GOLDM,05-08-2019,34558.0,34570.0,34310.0,34511.0,34217.0,108,255,8.78
320,2019-07-08,FUTBLN,GOLDM,05-08-2019,34561.0,34752.0,34526.0,34560.0,34630.0,191,399,13.83
321,2019-07-05,FUTBLN,GOLDM,05-08-2019,34202.0,34927.0,34189.0,34450.0,34891.0,109,464,16.08
322,2019-07-04,FUTBLN,GOLDM,05-08-2019,34250.0,34256.0,34115.0,34145.0,34187.0,152,177,6.05
323,2019-07-03,FUTBLN,GOLDM,05-08-2019,34399.0,34440.0,34201.0,34210.0,34447.0,211,317,10.9
324,2019-07-02,FUTBLN,GOLDM,05-08-2019,33707.0,33912.0,33690.0,33908.0,33814.0,71,478,16.15
325,2019-07-01,FUTBLN,GOLDM,05-07-2019,34000.0,34000.0,34000.0,34000.0,33591.0,0,1,0.03
326,2019-07-01,FUTBLN,GOLDM,05-08-2019,33791.0,33808.0,33630.0,33640.0,33640.0,86,745,25.1
327,2018-10-31,FUTBLN,GOLDM,05-11-2018,31735.0,31735.0,31620.0,31620.0,31605.0,1,9,0.29
328,2018-10-30,FUTBLN,GOLDM,05-11-2018,31420.0,31420.0,31420.0,31420.0,31741.0,4,2,0.06
329,2018-10-29,FUTBLN,GOLDM,05-11-2018,31770.0,31770.0,31760.0,31770.0,31817.0,4,42,1.33
330,2018-10-26,FUTBLN,GOLDM,05-11-2018,31800.0,31800.0,31800.0,31800.0,31944.0,46,10,0.32
331,2018-10-24,FUTBLN,GOLDM,05-11-2018,31602.0,31602.0,31602.0,31602.0,31762.0,56,1,0.03
332,2018-10-23,FUTBLN,GOLDM,05-11-2018,32003.0,32003.0,31900.0,31900.0,31996.0,57,20,0.64
333,2018-10-22,FUTBLN,GOLDM,05-11-2018,31800.0,31800.0,31800.0,31800.0,31800.0,57,10,0.32
334,2018-10-17,FUTBLN,GOLDM,05-11-2018,32200.0,32200.0,32200.0,32200.0,31858.0,47,1,0.03
335,2018-10-15,FUTBLN,GOLDM,05-11-2018,31800.0,32194.0,31800.0,32194.0,32078.0,47,31,0.99
336,2018-10-12,FUTBLN,GOLDM,05-11-2018,31700.0,31751.0,31550.0,31551.0,31693.0,51,114,3.61
337,2019-10-31,FUTBLN,GOLDM,05-12-2019,38058.0,38323.0,38058.0,38321.0,38878.0,19,14,0.53
338,2019-10-30,FUTBLN,GOLDM,05-11-2019,38135.0,38295.0,38083.0,38295.0,38286.0,0,37,1.41
339,2019-10-30,FUTBLN,GOLDM,05-12-2019,37950.0,38024.0,37930.0,38024.0,38462.0,28,30,1.14
340,2019-10-29,FUTBLN,GOLDM,05-11-2019,38090.0,38241.0,38055.0,38150.0,38256.0,33,31,1.18
341,2019-10-27,FUTBLN,GOLDM,05-11-2019,38500.0,38514.0,38385.0,38424.0,38424.0,26,19,0.73
342,2019-10-25,FUTBLN,GOLDM,05-11-2019,38420.0,38648.0,38414.0,38419.0,38614.0,26,97,3.73
343,2019-10-24,FUTBLN,GOLDM,05-11-2019,38135.0,38375.0,38129.0,38375.0,38351.0,18,59,2.25
344,2019-10-23,FUTBLN,GOLDM,05-11-2019,38165.0,38176.0,38107.0,38151.0,38386.0,25,29,1.11
345,2019-10-22,FUTBLN,GOLDM,05-11-2019,37944.0,38050.0,37940.0,37980.0,38281.0,30,20,0.76
346,2019-10-21,FUTBLN,GOLDM,05-11-2019,38137.0,38137.0,38137.0,38137.0,38319.0,28,1,0.04
347,2019-10-18,FUTBLN,GOLDM,05-11-2019,38194.0,38194.0,38077.0,38110.0,38337.0,29,25,0.95
348,2019-10-17,FUTBLN,GOLDM,05-11-2019,38169.0,38240.0,38034.0,38115.0,38314.0,26,30,1.14
349,2019-10-16,FUTBLN,GOLDM,05-11-2019,38165.0,38182.0,38002.0,38113.0,38363.0,28,24,0.91
350,2019-10-15,FUTBLN,GOLDM,05-11-2019,38255.0,38314.0,38080.0,38080.0,38584.0,30,28,1.07
351,2019-10-14,FUTBLN,GOLDM,05-11-2019,37809.0,38165.0,37800.0,38128.0,38456.0,36,32,1.22
352,2019-10-11,FUTBLN,GOLDM,05-11-2019,38049.0,38252.0,38036.0,38117.0,38245.0,42,37,1.41
353,2019-10-10,FUTBLN,GOLDM,05-11-2019,38340.0,38407.0,38054.0,38097.0,38483.0,46,40,1.53
354,2019-10-09,FUTBLN,GOLDM,05-11-2019,38312.0,38377.0,38184.0,38292.0,38364.0,30,46,1.76
355,2019-10-08,FUTBLN,GOLDM,05-11-2019,38266.0,38373.0,38262.0,38272.0,38310.0,26,19,0.73
356,2019-10-07,FUTBLN,GOLDM,05-11-2019,38279.0,38296.0,38097.0,38097.0,38316.0,13,21,0.8
357,2019-10-04,FUTBLN,GOLDM,05-11-2019,38152.0,38344.0,38049.0,38133.0,38347.0,9,45,1.72
358,2019-10-03,FUTBLN,GOLDM,05-11-2019,38028.0,38317.0,37960.0,38206.0,38085.0,27,87,3.31
359,2019-10-01,FUTBLN,GOLDM,05-11-2019,37106.0,37717.0,37106.0,37714.0,37420.0,3,17,0.64
360,2019-09-30,FUTBLN,GOLDM,04-10-2019,37497.0,37578.0,37361.0,37361.0,37621.0,0,27,1.01
361,2019-09-30,FUTBLN,GOLDM,05-11-2019,37658.0,37755.0,37094.0,37094.0,37094.0,8,40,1.5
362,2019-09-27,FUTBLN,GOLDM,04-10-2019,37709.0,37752.0,37560.0,37560.0,37542.0,23,8,0.3
363,2019-09-27,FUTBLN,GOLDM,05-11-2019,37995.0,38005.0,37556.0,37798.0,37739.0,2,29,1.09
364,2019-09-26,FUTBLN,GOLDM,04-10-2019,37591.0,37622.0,37543.0,37574.0,37655.0,31,12,0.45
365,2019-09-26,FUTBLN,GOLDM,05-11-2019,37900.0,37949.0,37900.0,37949.0,37852.0,1,10,0.38
366,2019-09-25,FUTBLN,GOLDM,04-10-2019,38108.0,38141.0,38026.0,38057.0,38049.0,39,36,1.37
367,2019-09-25,FUTBLN,GOLDM,05-11-2019,38447.0,38447.0,38447.0,38447.0,38249.0,1,1,0.04
368,2019-09-24,FUTBLN,GOLDM,04-10-2019,37840.0,37893.0,37790.0,37882.0,37843.0,43,28,1.06
369,2019-09-23,FUTBLN,GOLDM,04-10-2019,37787.0,37859.0,37746.0,37856.0,37818.0,50,72,2.72
370,2019-09-20,FUTBLN,GOLDM,04-10-2019,37639.0,37641.0,37513.0,37564.0,37484.0,68,88,3.3
371,2019-09-19,FUTBLN,GOLDM,04-10-2019,37606.0,37686.0,37560.0,37686.0,37558.0,126,113,4.25
372,2019-09-18,FUTBLN,GOLDM,04-10-2019,37928.0,37932.0,37746.0,37895.0,37690.0,88,24,0.91
373,2019-09-17,FUTBLN,GOLDM,04-10-2019,38032.0,38123.0,37864.0,38048.0,37951.0,99,37,1.41
374,2019-09-16,FUTBLN,GOLDM,04-10-2019,37969.0,38065.0,37934.0,38039.0,37922.0,100,46,1.75
375,2019-09-13,FUTBLN,GOLDM,04-10-2019,37682.0,37871.0,37680.0,37700.0,37738.0,95,40,1.51
376,2019-09-12,FUTBLN,GOLDM,04-10-2019,37815.0,38015.0,37722.0,37722.0,37844.0,90,69,2.61
377,2019-09-11,FUTBLN,GOLDM,04-10-2019,38223.0,38237.0,37991.0,37991.0,38012.0,98,53,2.02
378,2019-09-10,FUTBLN,GOLDM,04-10-2019,38400.0,38430.0,38400.0,38430.0,38489.0,92,20,0.77
379,2019-09-09,FUTBLN,GOLDM,04-10-2019,38572.0,38653.0,38352.0,38501.0,38495.0,92,90,3.47
380,2019-09-06,FUTBLN,GOLDM,04-10-2019,38710.0,38904.0,38402.0,38519.0,38519.0,86,74,2.86
381,2019-09-05,FUTBLN,GOLDM,04-10-2019,39538.0,39572.0,38696.0,38919.0,39176.0,99,76,2.99
382,2019-09-04,FUTBLN,GOLDM,04-10-2019,39669.0,39733.0,39378.0,39525.0,39258.0,92,90,3.56
383,2019-09-03,FUTBLN,GOLDM,04-10-2019,38967.0,39444.0,38967.0,39424.0,39259.0,75,59,2.31
384,2018-12-31,FUTBLN,GOLDM,04-01-2019,31485.0,31706.0,31427.0,31530.0,31590.0,1,55,1.73
385,2018-12-31,FUTBLN,GOLDM,05-02-2019,31473.0,31476.0,31397.0,31410.0,31791.0,0,21,0.66
386,2018-12-28,FUTBLN,GOLDM,04-01-2019,31587.0,31615.0,31525.0,31531.0,31566.0,20,56,1.77
387,2018-12-27,FUTBLN,GOLDM,04-01-2019,31476.0,31587.0,31458.0,31585.0,31562.0,24,63,1.99
388,2018-12-26,FUTBLN,GOLDM,04-01-2019,31470.0,31584.0,31435.0,31580.0,31469.0,26,49,1.54
389,2018-12-24,FUTBLN,GOLDM,04-01-2019,31368.0,31368.0,31219.0,31352.0,31249.0,31,54,1.69
390,2018-12-21,FUTBLN,GOLDM,04-01-2019,31147.0,31281.0,31140.0,31204.0,31250.0,27,68,2.12
391,2018-12-20,FUTBLN,GOLDM,04-01-2019,31043.0,31171.0,30940.0,31171.0,31123.0,37,72,2.23
392,2018-12-20,FUTBLN,GOLDM,05-02-2019,31050.0,31050.0,31035.0,31035.0,31318.0,0,4,0.12
393,2018-12-19,FUTBLN,GOLDM,04-01-2019,31021.0,31183.0,31015.0,31183.0,31129.0,17,26,0.81
394,2018-12-18,FUTBLN,GOLDM,04-01-2019,31415.0,31415.0,31094.0,31094.0,31299.0,17,33,1.03
395,2018-12-18,FUTBLN,GOLDM,05-02-2019,31340.0,31360.0,31334.0,31360.0,31495.0,0,4,0.13
396,2018-12-17,FUTBLN,GOLDM,04-01-2019,31380.0,31410.0,31327.0,31410.0,31402.0,12,8,0.25
397,2018-12-17,FUTBLN,GOLDM,05-02-2019,31420.0,31420.0,31415.0,31415.0,31600.0,0,2,0.06
398,2018-12-14,FUTBLN,GOLDM,04-01-2019,31460.0,31460.0,31415.0,31425.0,31509.0,12,8,0.25
399,2018-12-13,FUTBLN,GOLDM,04-01-2019,31492.0,31519.0,31464.0,31472.0,31546.0,12,8,0.25
400,2018-12-12,FUTBLN,GOLDM,04-01-2019,31690.0,31690.0,31650.0,31650.0,31708.0,10,10,0.32
401,2018-12-11,FUTBLN,GOLDM,04-01-2019,31810.0,31826.0,31720.0,31800.0,31773.0,10,6,0.19
402,2018-12-10,FUTBLN,GOLDM,04-01-2019,31482.0,31886.0,31475.0,31840.0,31577.0,10,18,0.57
403,2018-12-10,FUTBLN,GOLDM,05-02-2019,31590.0,31592.0,31590.0,31592.0,31775.0,0,2,0.06
404,2018-12-07,FUTBLN,GOLDM,04-01-2019,31223.0,31223.0,31223.0,31223.0,31176.0,0,2,0.06
405,2018-12-05,FUTBLN,GOLDM,05-02-2019,31000.0,31000.0,30998.0,30998.0,31260.0,0,2,0.06
406,2018-12-04,FUTBLN,GOLDM,05-02-2019,31050.0,31050.0,31045.0,31045.0,31365.0,0,2,0.06
407,2018-11-30,FUTBLN,GOLDM,05-12-2018,30200.0,30200.0,30198.0,30198.0,30289.0,0,2,0.06
408,2018-11-29,FUTBLN,GOLDM,04-01-2019,30390.0,30391.0,30380.0,30380.0,30582.0,0,6,0.18
409,2018-11-28,FUTBLN,GOLDM,05-12-2018,30290.0,30295.0,30290.0,30295.0,30437.0,0,2,0.06
410,2018-11-27,FUTBLN,GOLDM,05-12-2018,30600.0,30605.0,30600.0,30605.0,30691.0,0,2,0.06
411,2018-11-26,FUTBLN,GOLDM,05-12-2018,30630.0,30630.0,30630.0,30630.0,30713.0,0,2,0.06
412,2018-11-22,FUTBLN,GOLDM,05-12-2018,30705.0,30705.0,30705.0,30705.0,30943.0,0,2,0.06
413,2018-11-21,FUTBLN,GOLDM,05-12-2018,30822.0,30822.0,30822.0,30822.0,30950.0,0,2,0.06
414,2018-11-20,FUTBLN,GOLDM,05-12-2018,30880.0,30880.0,30880.0,30880.0,30996.0,0,2,0.06
415,2018-11-16,FUTBLN,GOLDM,05-12-2018,30820.0,30820.0,30812.0,30812.0,31033.0,0,2,0.06
416,2018-11-14,FUTBLN,GOLDM,05-12-2018,30701.0,30701.0,30699.0,30699.0,30886.0,0,2,0.06
417,2018-11-05,FUTBLN,GOLDM,05-11-2018,31695.0,31695.0,31695.0,31695.0,31679.0,0,1,0.03
418,2019-12-31,FUTBLN,GOLDM,05-02-2020,39091.0,39173.0,39088.0,39136.0,39319.0,43,33,1.29
419,2019-12-30,FUTBLN,GOLDM,03-01-2020,38923.0,38927.0,38895.0,38907.0,38876.0,1,4,0.16
420,2019-12-30,FUTBLN,GOLDM,05-02-2020,38974.0,38995.0,38921.0,38932.0,39074.0,50,44,1.71
421,2019-12-27,FUTBLN,GOLDM,03-01-2020,38828.0,38840.0,38698.0,38768.0,38890.0,2,267,10.36
422,2019-12-27,FUTBLN,GOLDM,05-02-2020,38773.0,38895.0,38625.0,38886.0,39087.0,37,39,1.51
423,2019-12-26,FUTBLN,GOLDM,03-01-2020,38683.0,38747.0,38649.0,38688.0,38694.0,33,248,9.6
424,2019-12-24,FUTBLN,GOLDM,03-01-2020,38302.0,38553.0,38296.0,38553.0,38357.0,30,28,1.07
425,2019-12-23,FUTBLN,GOLDM,03-01-2020,38091.0,38183.0,38066.0,38179.0,38208.0,27,97,3.7
426,2019-12-20,FUTBLN,GOLDM,03-01-2020,38024.0,38082.0,38000.0,38049.0,38074.0,77,76,2.89
427,2019-12-19,FUTBLN,GOLDM,03-01-2020,37945.0,37953.0,37888.0,37937.0,38007.0,22,86,3.26
428,2019-12-19,FUTBLN,GOLDM,05-02-2020,37998.0,37998.0,37998.0,37998.0,38197.0,1,1,0.04
429,2019-12-18,FUTBLN,GOLDM,03-01-2020,37972.0,37979.0,37932.0,37932.0,38051.0,67,59,2.24
430,2019-12-17,FUTBLN,GOLDM,03-01-2020,37932.0,37940.0,37859.0,37914.0,38032.0,16,78,2.96
431,2019-12-16,FUTBLN,GOLDM,03-01-2020,37770.0,37887.0,37770.0,37856.0,38016.0,60,67,2.54
432,2019-12-13,FUTBLN,GOLDM,03-01-2020,37521.0,37699.0,37521.0,37605.0,37780.0,23,24,0.9
433,2019-12-12,FUTBLN,GOLDM,03-01-2020,37746.0,37983.0,37628.0,37628.0,37790.0,28,126,4.77
434,2019-12-11,FUTBLN,GOLDM,03-01-2020,37585.0,37657.0,37565.0,37657.0,37766.0,8,20,0.75
435,2019-12-10,FUTBLN,GOLDM,03-01-2020,37618.0,37628.0,37586.0,37607.0,37744.0,7,11,0.41
436,2019-12-09,FUTBLN,GOLDM,03-01-2020,37702.0,37719.0,37669.0,37691.0,37789.0,12,18,0.68
437,2019-12-06,FUTBLN,GOLDM,03-01-2020,38095.0,38115.0,37763.0,37763.0,38166.0,15,125,4.75
438,2019-12-05,FUTBLN,GOLDM,03-01-2020,38167.0,38250.0,38146.0,38147.0,38245.0,19,12,0.46
439,2019-12-04,FUTBLN,GOLDM,03-01-2020,38316.0,38444.0,38173.0,38275.0,38347.0,15,43,1.65
440,2019-12-03,FUTBLN,GOLDM,03-01-2020,37924.0,37993.0,37908.0,37990.0,38246.0,20,17,0.65
441,2019-12-02,FUTBLN,GOLDM,05-12-2019,37793.0,37793.0,37793.0,37793.0,37848.0,0,1,0.04
442,2019-12-02,FUTBLN,GOLDM,03-01-2020,37912.0,37917.0,37848.0,37856.0,38014.0,11,13,0.49
443,2019-11-29,FUTBLN,GOLDM,05-12-2019,37834.0,37834.0,37834.0,37834.0,37929.0,1,1,0.04
444,2019-11-29,FUTBLN,GOLDM,03-01-2020,37857.0,37915.0,37828.0,37915.0,38096.0,14,33,1.25
445,2019-11-28,FUTBLN,GOLDM,05-12-2019,37759.0,37760.0,37753.0,37760.0,37818.0,2,14,0.53
446,2019-11-28,FUTBLN,GOLDM,03-01-2020,37694.0,37789.0,37684.0,37784.0,37985.0,9,13,0.49
447,2019-11-27,FUTBLN,GOLDM,05-12-2019,37696.0,37696.0,37696.0,37696.0,37747.0,16,2,0.08
448,2019-11-27,FUTBLN,GOLDM,03-01-2020,37751.0,37776.0,37734.0,37776.0,37913.0,13,19,0.72
449,2019-11-26,FUTBLN,GOLDM,03-01-2020,37805.0,37820.0,37775.0,37820.0,38030.0,20,10,0.38
450,2019-11-25,FUTBLN,GOLDM,05-12-2019,37865.0,37865.0,37865.0,37865.0,37924.0,16,1,0.04
451,2019-11-25,FUTBLN,GOLDM,03-01-2020,38026.0,38026.0,37881.0,37894.0,38092.0,29,19,0.72
452,2019-11-22,FUTBLN,GOLDM,05-12-2019,37950.0,38092.0,37950.0,38086.0,38261.0,17,25,0.95
453,2019-11-22,FUTBLN,GOLDM,03-01-2020,38082.0,38226.0,38082.0,38221.0,38431.0,26,24,0.92
454,2019-11-21,FUTBLN,GOLDM,05-12-2019,38131.0,38165.0,38000.0,38000.0,38172.0,17,26,0.99
455,2019-11-21,FUTBLN,GOLDM,03-01-2020,38212.0,38230.0,38167.0,38167.0,38342.0,16,18,0.69
456,2019-11-20,FUTBLN,GOLDM,05-12-2019,38178.0,38289.0,38142.0,38264.0,38416.0,28,30,1.15
457,2019-11-19,FUTBLN,GOLDM,05-12-2019,38213.0,38213.0,38042.0,38079.0,38206.0,38,26,0.99
458,2019-11-18,FUTBLN,GOLDM,05-12-2019,37921.0,37946.0,37850.0,37930.0,38035.0,56,24,0.91
459,2019-11-15,FUTBLN,GOLDM,05-12-2019,38077.0,38079.0,37938.0,38001.0,38184.0,58,11,0.42
460,2019-11-14,FUTBLN,GOLDM,05-12-2019,38148.0,38165.0,38082.0,38126.0,38354.0,49,12,0.46
461,2019-11-13,FUTBLN,GOLDM,05-12-2019,37809.0,38108.0,37809.0,38108.0,38340.0,47,37,1.4
462,2019-11-11,FUTBLN,GOLDM,05-12-2019,37755.0,37852.0,37725.0,37808.0,38119.0,37,11,0.42
463,2019-11-08,FUTBLN,GOLDM,05-12-2019,37774.0,37873.0,37657.0,37657.0,38125.0,36,50,1.89
464,2019-11-07,FUTBLN,GOLDM,05-12-2019,38201.0,38201.0,37992.0,38060.0,38373.0,17,26,0.99
465,2019-11-06,FUTBLN,GOLDM,05-12-2019,37949.0,38104.0,37949.0,38075.0,38520.0,17,20,0.76
466,2019-11-05,FUTBLN,GOLDM,05-12-2019,38365.0,38367.0,38296.0,38298.0,38754.0,12,14,0.54
467,2019-11-04,FUTBLN,GOLDM,05-12-2019,38389.0,38420.0,38374.0,38410.0,38833.0,14,25,0.96
468,2019-11-01,FUTBLN,GOLDM,05-12-2019,38449.0,38510.0,38415.0,38461.0,38947.0,21,16,0.62
